domain,file,relPath,extends_AbstractBusinessTool,has_doExecute,factoryId_in_signature,factoryId_ref_count,suspicious_count,risk,reason
material,BatchConsumptionAdjustTool.java,backend/java/cretas-api/src/main/java/com/cretas/aims/ai/tool/impl/material/BatchConsumptionAdjustTool.java,true,true,true,2,1,MEDIUM,"存在 1 条可疑模式需人工复核"
material,BatchConsumptionQueryTool.java,backend/java/cretas-api/src/main/java/com/cretas/aims/ai/tool/impl/material/BatchConsumptionQueryTool.java,true,true,true,1,1,MEDIUM,"存在 1 条可疑模式需人工复核"
camera,CameraStatusTool.java,backend/java/cretas-api/src/main/java/com/cretas/aims/ai/tool/impl/camera/CameraStatusTool.java,true,true,true,3,1,MEDIUM,"存在 1 条可疑模式需人工复核"
camera,CameraSubscribeTool.java,backend/java/cretas-api/src/main/java/com/cretas/aims/ai/tool/impl/camera/CameraSubscribeTool.java,true,true,true,4,2,MEDIUM,"存在 2 条可疑模式需人工复核"
dataop,ColdChainQueryTool.java,backend/java/cretas-api/src/main/java/com/cretas/aims/ai/tool/impl/dataop/ColdChainQueryTool.java,true,true,true,3,1,MEDIUM,"存在 1 条可疑模式需人工复核"
system,ContextContinueTool.java,backend/java/cretas-api/src/main/java/com/cretas/aims/ai/tool/impl/system/ContextContinueTool.java,true,true,true,1,1,MEDIUM,"存在 1 条可疑模式需人工复核"
crm,OrderQueryTool.java,backend/java/cretas-api/src/main/java/com/cretas/aims/ai/tool/impl/crm/OrderQueryTool.java,true,true,true,3,1,MEDIUM,"存在 1 条可疑模式需人工复核"
system,PaginationNextTool.java,backend/java/cretas-api/src/main/java/com/cretas/aims/ai/tool/impl/system/PaginationNextTool.java,true,true,true,1,1,MEDIUM,"存在 1 条可疑模式需人工复核"
scale,ScaleAddModelTool.java,backend/java/cretas-api/src/main/java/com/cretas/aims/ai/tool/impl/scale/ScaleAddModelTool.java,true,true,true,1,1,MEDIUM,"存在 1 条可疑模式需人工复核"
scale,ScaleDeviceDetailTool.java,backend/java/cretas-api/src/main/java/com/cretas/aims/ai/tool/impl/scale/ScaleDeviceDetailTool.java,true,true,true,4,2,MEDIUM,"存在 2 条可疑模式需人工复核"
shipment,ShipmentDeleteTool.java,backend/java/cretas-api/src/main/java/com/cretas/aims/ai/tool/impl/shipment/ShipmentDeleteTool.java,true,true,true,2,1,MEDIUM,"存在 1 条可疑模式需人工复核"
report,SkuGrossMarginTool.java,backend/java/cretas-api/src/main/java/com/cretas/aims/ai/tool/impl/report/SkuGrossMarginTool.java,true,true,true,1,1,MEDIUM,"存在 1 条可疑模式需人工复核"
shipment,TracePublicTool.java,backend/java/cretas-api/src/main/java/com/cretas/aims/ai/tool/impl/shipment/TracePublicTool.java,true,true,true,2,1,MEDIUM,"存在 1 条可疑模式需人工复核"
workreport,WorkReportCheckinTool.java,backend/java/cretas-api/src/main/java/com/cretas/aims/ai/tool/impl/workreport/WorkReportCheckinTool.java,true,true,true,2,1,MEDIUM,"存在 1 条可疑模式需人工复核"
alert,AlertAcknowledgeTool.java,backend/java/cretas-api/src/main/java/com/cretas/aims/ai/tool/impl/alert/AlertAcknowledgeTool.java,true,true,true,2,0,LOW,"factoryId 被使用 2 次，无可疑模式"
alert,AlertActiveTool.java,backend/java/cretas-api/src/main/java/com/cretas/aims/ai/tool/impl/alert/AlertActiveTool.java,true,true,true,2,0,LOW,"factoryId 被使用 2 次，无可疑模式"
alert,AlertByEquipmentTool.java,backend/java/cretas-api/src/main/java/com/cretas/aims/ai/tool/impl/alert/AlertByEquipmentTool.java,true,true,true,2,0,LOW,"factoryId 被使用 2 次，无可疑模式"
alert,AlertByLevelTool.java,backend/java/cretas-api/src/main/java/com/cretas/aims/ai/tool/impl/alert/AlertByLevelTool.java,true,true,true,2,0,LOW,"factoryId 被使用 2 次，无可疑模式"
alert,AlertDiagnoseTool.java,backend/java/cretas-api/src/main/java/com/cretas/aims/ai/tool/impl/alert/AlertDiagnoseTool.java,true,true,true,2,0,LOW,"factoryId 被使用 2 次，无可疑模式"
alert,AlertListTool.java,backend/java/cretas-api/src/main/java/com/cretas/aims/ai/tool/impl/alert/AlertListTool.java,true,true,true,2,0,LOW,"factoryId 被使用 2 次，无可疑模式"
alert,AlertResolveTool.java,backend/java/cretas-api/src/main/java/com/cretas/aims/ai/tool/impl/alert/AlertResolveTool.java,true,true,true,2,0,LOW,"factoryId 被使用 2 次，无可疑模式"
alert,AlertStatsTool.java,backend/java/cretas-api/src/main/java/com/cretas/aims/ai/tool/impl/alert/AlertStatsTool.java,true,true,true,3,0,LOW,"factoryId 被使用 3 次，无可疑模式"
alert,AlertTriageTool.java,backend/java/cretas-api/src/main/java/com/cretas/aims/ai/tool/impl/alert/AlertTriageTool.java,true,true,true,4,0,LOW,"factoryId 被使用 4 次，无可疑模式"
system,ApprovalConfigTool.java,backend/java/cretas-api/src/main/java/com/cretas/aims/ai/tool/impl/system/ApprovalConfigTool.java,true,true,true,6,0,LOW,"factoryId 被使用 6 次，无可疑模式"
dataop,ApprovalRecordQueryTool.java,backend/java/cretas-api/src/main/java/com/cretas/aims/ai/tool/impl/dataop/ApprovalRecordQueryTool.java,true,true,true,4,0,LOW,"factoryId 被使用 4 次，无可疑模式"
hr,AttendanceAnomalyTool.java,backend/java/cretas-api/src/main/java/com/cretas/aims/ai/tool/impl/hr/AttendanceAnomalyTool.java,true,true,true,5,0,LOW,"factoryId 被使用 5 次，无可疑模式"
hr,AttendanceDepartmentTool.java,backend/java/cretas-api/src/main/java/com/cretas/aims/ai/tool/impl/hr/AttendanceDepartmentTool.java,true,true,true,5,0,LOW,"factoryId 被使用 5 次，无可疑模式"
hr,AttendanceHistoryTool.java,backend/java/cretas-api/src/main/java/com/cretas/aims/ai/tool/impl/hr/AttendanceHistoryTool.java,true,true,true,5,0,LOW,"factoryId 被使用 5 次，无可疑模式"
hr,AttendanceMonthlyTool.java,backend/java/cretas-api/src/main/java/com/cretas/aims/ai/tool/impl/hr/AttendanceMonthlyTool.java,true,true,true,5,0,LOW,"factoryId 被使用 5 次，无可疑模式"
hr,AttendanceStatsByDeptTool.java,backend/java/cretas-api/src/main/java/com/cretas/aims/ai/tool/impl/hr/AttendanceStatsByDeptTool.java,true,true,true,2,0,LOW,"factoryId 被使用 2 次，无可疑模式"
hr,AttendanceStatsTool.java,backend/java/cretas-api/src/main/java/com/cretas/aims/ai/tool/impl/hr/AttendanceStatsTool.java,true,true,true,6,0,LOW,"factoryId 被使用 6 次，无可疑模式"
hr,AttendanceStatusTool.java,backend/java/cretas-api/src/main/java/com/cretas/aims/ai/tool/impl/hr/AttendanceStatusTool.java,true,true,true,5,0,LOW,"factoryId 被使用 5 次，无可疑模式"
hr,AttendanceTodayTool.java,backend/java/cretas-api/src/main/java/com/cretas/aims/ai/tool/impl/hr/AttendanceTodayTool.java,true,true,true,5,0,LOW,"factoryId 被使用 5 次，无可疑模式"
dataop,BatchDeleteConfirmTool.java,backend/java/cretas-api/src/main/java/com/cretas/aims/ai/tool/impl/dataop/BatchDeleteConfirmTool.java,true,true,true,4,0,LOW,"factoryId 被使用 4 次，无可疑模式"
dataop,BatchStatusChangeTool.java,backend/java/cretas-api/src/main/java/com/cretas/aims/ai/tool/impl/dataop/BatchStatusChangeTool.java,true,true,true,7,0,LOW,"factoryId 被使用 7 次，无可疑模式"
dataop,BatchSupervisorQueryTool.java,backend/java/cretas-api/src/main/java/com/cretas/aims/ai/tool/impl/dataop/BatchSupervisorQueryTool.java,true,true,true,3,0,LOW,"factoryId 被使用 3 次，无可疑模式"
dataop,BatchUpdateTool.java,backend/java/cretas-api/src/main/java/com/cretas/aims/ai/tool/impl/dataop/BatchUpdateTool.java,true,true,true,4,0,LOW,"factoryId 被使用 4 次，无可疑模式"
material,BomExpansionTool.java,backend/java/cretas-api/src/main/java/com/cretas/aims/ai/tool/impl/material/BomExpansionTool.java,true,true,true,2,0,LOW,"factoryId 被使用 2 次，无可疑模式"
camera,CameraAddTool.java,backend/java/cretas-api/src/main/java/com/cretas/aims/ai/tool/impl/camera/CameraAddTool.java,true,true,true,2,0,LOW,"factoryId 被使用 2 次，无可疑模式"
camera,CameraCaptureTool.java,backend/java/cretas-api/src/main/java/com/cretas/aims/ai/tool/impl/camera/CameraCaptureTool.java,true,true,true,1,0,LOW,"factoryId 被使用 1 次，无可疑模式"
camera,CameraDetailTool.java,backend/java/cretas-api/src/main/java/com/cretas/aims/ai/tool/impl/camera/CameraDetailTool.java,true,true,true,2,0,LOW,"factoryId 被使用 2 次，无可疑模式"
camera,CameraEventsTool.java,backend/java/cretas-api/src/main/java/com/cretas/aims/ai/tool/impl/camera/CameraEventsTool.java,true,true,true,4,0,LOW,"factoryId 被使用 4 次，无可疑模式"
camera,CameraListTool.java,backend/java/cretas-api/src/main/java/com/cretas/aims/ai/tool/impl/camera/CameraListTool.java,true,true,true,3,0,LOW,"factoryId 被使用 3 次，无可疑模式"
camera,CameraStreamsTool.java,backend/java/cretas-api/src/main/java/com/cretas/aims/ai/tool/impl/camera/CameraStreamsTool.java,true,true,true,3,0,LOW,"factoryId 被使用 3 次，无可疑模式"
camera,CameraSyncTool.java,backend/java/cretas-api/src/main/java/com/cretas/aims/ai/tool/impl/camera/CameraSyncTool.java,true,true,true,4,0,LOW,"factoryId 被使用 4 次，无可疑模式"
camera,CameraTestConnectionTool.java,backend/java/cretas-api/src/main/java/com/cretas/aims/ai/tool/impl/camera/CameraTestConnectionTool.java,true,true,true,4,0,LOW,"factoryId 被使用 4 次，无可疑模式"
camera,CameraUnsubscribeTool.java,backend/java/cretas-api/src/main/java/com/cretas/aims/ai/tool/impl/camera/CameraUnsubscribeTool.java,true,true,true,4,0,LOW,"factoryId 被使用 4 次，无可疑模式"
canvas,CanvasAddAttachmentFieldTool.java,backend/java/cretas-api/src/main/java/com/cretas/aims/ai/tool/impl/canvas/CanvasAddAttachmentFieldTool.java,true,true,true,5,0,LOW,"factoryId 被使用 5 次，无可疑模式"
canvas,CanvasAddFieldTool.java,backend/java/cretas-api/src/main/java/com/cretas/aims/ai/tool/impl/canvas/CanvasAddFieldTool.java,true,true,true,5,0,LOW,"factoryId 被使用 5 次，无可疑模式"
canvas,CanvasAddSubTableTool.java,backend/java/cretas-api/src/main/java/com/cretas/aims/ai/tool/impl/canvas/CanvasAddSubTableTool.java,true,true,true,5,0,LOW,"factoryId 被使用 5 次，无可疑模式"
canvas,CanvasApplyTemplateTool.java,backend/java/cretas-api/src/main/java/com/cretas/aims/ai/tool/impl/canvas/CanvasApplyTemplateTool.java,true,true,true,6,0,LOW,"factoryId 被使用 6 次，无可疑模式"
canvas,CanvasSetApsWeightTool.java,backend/java/cretas-api/src/main/java/com/cretas/aims/ai/tool/impl/canvas/CanvasSetApsWeightTool.java,true,true,true,4,0,LOW,"factoryId 被使用 4 次，无可疑模式"
canvas,CanvasSetFormulaTool.java,backend/java/cretas-api/src/main/java/com/cretas/aims/ai/tool/impl/canvas/CanvasSetFormulaTool.java,true,true,true,5,0,LOW,"factoryId 被使用 5 次，无可疑模式"
canvas,CanvasSetUserPermissionTool.java,backend/java/cretas-api/src/main/java/com/cretas/aims/ai/tool/impl/canvas/CanvasSetUserPermissionTool.java,true,true,true,5,0,LOW,"factoryId 被使用 5 次，无可疑模式"
canvas,CanvasSetVisibilityTool.java,backend/java/cretas-api/src/main/java/com/cretas/aims/ai/tool/impl/canvas/CanvasSetVisibilityTool.java,true,true,true,8,0,LOW,"factoryId 被使用 8 次，无可疑模式"
canvas,CanvasToggleModuleTool.java,backend/java/cretas-api/src/main/java/com/cretas/aims/ai/tool/impl/canvas/CanvasToggleModuleTool.java,true,true,true,5,0,LOW,"factoryId 被使用 5 次，无可疑模式"
canvas,CanvasToggleSkillTool.java,backend/java/cretas-api/src/main/java/com/cretas/aims/ai/tool/impl/canvas/CanvasToggleSkillTool.java,true,true,true,7,0,LOW,"factoryId 被使用 7 次，无可疑模式"
canvas,CanvasToggleToolTool.java,backend/java/cretas-api/src/main/java/com/cretas/aims/ai/tool/impl/canvas/CanvasToggleToolTool.java,true,true,true,7,0,LOW,"factoryId 被使用 7 次，无可疑模式"
canvas,CanvasUpdateFieldTool.java,backend/java/cretas-api/src/main/java/com/cretas/aims/ai/tool/impl/canvas/CanvasUpdateFieldTool.java,true,true,true,5,0,LOW,"factoryId 被使用 5 次，无可疑模式"
canvas,CanvasUpdateTriggerChainTool.java,backend/java/cretas-api/src/main/java/com/cretas/aims/ai/tool/impl/canvas/CanvasUpdateTriggerChainTool.java,true,true,true,3,0,LOW,"factoryId 被使用 3 次，无可疑模式"
quality,CcpMonitorDetectionTool.java,backend/java/cretas-api/src/main/java/com/cretas/aims/ai/tool/impl/quality/CcpMonitorDetectionTool.java,true,true,true,3,0,LOW,"factoryId 被使用 3 次，无可疑模式"
hr,ClockInTool.java,backend/java/cretas-api/src/main/java/com/cretas/aims/ai/tool/impl/hr/ClockInTool.java,true,true,true,6,0,LOW,"factoryId 被使用 6 次，无可疑模式"
hr,ClockOutTool.java,backend/java/cretas-api/src/main/java/com/cretas/aims/ai/tool/impl/hr/ClockOutTool.java,true,true,true,5,0,LOW,"factoryId 被使用 5 次，无可疑模式"
system,ConfigResetTool.java,backend/java/cretas-api/src/main/java/com/cretas/aims/ai/tool/impl/system/ConfigResetTool.java,true,true,true,5,0,LOW,"factoryId 被使用 5 次，无可疑模式"
config,ConversionRateUpdateTool.java,backend/java/cretas-api/src/main/java/com/cretas/aims/ai/tool/impl/config/ConversionRateUpdateTool.java,true,true,true,5,0,LOW,"factoryId 被使用 5 次，无可疑模式"
crm,CustomerActiveTool.java,backend/java/cretas-api/src/main/java/com/cretas/aims/ai/tool/impl/crm/CustomerActiveTool.java,true,true,true,2,0,LOW,"factoryId 被使用 2 次，无可疑模式"
crm,CustomerByTypeTool.java,backend/java/cretas-api/src/main/java/com/cretas/aims/ai/tool/impl/crm/CustomerByTypeTool.java,true,true,true,3,0,LOW,"factoryId 被使用 3 次，无可疑模式"
crm,CustomerCreateTool.java,backend/java/cretas-api/src/main/java/com/cretas/aims/ai/tool/impl/crm/CustomerCreateTool.java,true,true,true,1,0,LOW,"factoryId 被使用 1 次，无可疑模式"
crm,CustomerDeleteTool.java,backend/java/cretas-api/src/main/java/com/cretas/aims/ai/tool/impl/crm/CustomerDeleteTool.java,true,true,true,2,0,LOW,"factoryId 被使用 2 次，无可疑模式"
crm,CustomerListTool.java,backend/java/cretas-api/src/main/java/com/cretas/aims/ai/tool/impl/crm/CustomerListTool.java,true,true,true,2,0,LOW,"factoryId 被使用 2 次，无可疑模式"
crm,CustomerPurchaseHistoryTool.java,backend/java/cretas-api/src/main/java/com/cretas/aims/ai/tool/impl/crm/CustomerPurchaseHistoryTool.java,true,true,true,2,0,LOW,"factoryId 被使用 2 次，无可疑模式"
crm,CustomerSearchTool.java,backend/java/cretas-api/src/main/java/com/cretas/aims/ai/tool/impl/crm/CustomerSearchTool.java,true,true,true,2,0,LOW,"factoryId 被使用 2 次，无可疑模式"
crm,CustomerStatsTool.java,backend/java/cretas-api/src/main/java/com/cretas/aims/ai/tool/impl/crm/CustomerStatsTool.java,true,true,true,5,0,LOW,"factoryId 被使用 5 次，无可疑模式"
crm,CustomerUpdateTool.java,backend/java/cretas-api/src/main/java/com/cretas/aims/ai/tool/impl/crm/CustomerUpdateTool.java,true,true,true,1,0,LOW,"factoryId 被使用 1 次，无可疑模式"
dahua,DahuaDeviceManageTool.java,backend/java/cretas-api/src/main/java/com/cretas/aims/ai/tool/impl/dahua/DahuaDeviceManageTool.java,true,true,true,3,0,LOW,"factoryId 被使用 3 次，无可疑模式"
dahua,DahuaDiscoveryTool.java,backend/java/cretas-api/src/main/java/com/cretas/aims/ai/tool/impl/dahua/DahuaDiscoveryTool.java,true,true,true,3,0,LOW,"factoryId 被使用 3 次，无可疑模式"
dahua,DahuaSmartConfigTool.java,backend/java/cretas-api/src/main/java/com/cretas/aims/ai/tool/impl/dahua/DahuaSmartConfigTool.java,true,true,true,1,0,LOW,"factoryId 被使用 1 次，无可疑模式"
report,EfficiencyComparisonTool.java,backend/java/cretas-api/src/main/java/com/cretas/aims/ai/tool/impl/report/EfficiencyComparisonTool.java,true,true,true,5,0,LOW,"factoryId 被使用 5 次，无可疑模式"
equipment,EquipmentAnalyzeTool.java,backend/java/cretas-api/src/main/java/com/cretas/aims/ai/tool/impl/equipment/EquipmentAnalyzeTool.java,true,true,true,3,0,LOW,"factoryId 被使用 3 次，无可疑模式"
equipment,EquipmentBreakdownReportTool.java,backend/java/cretas-api/src/main/java/com/cretas/aims/ai/tool/impl/equipment/EquipmentBreakdownReportTool.java,true,true,true,3,0,LOW,"factoryId 被使用 3 次，无可疑模式"
equipment,EquipmentCameraStartTool.java,backend/java/cretas-api/src/main/java/com/cretas/aims/ai/tool/impl/equipment/EquipmentCameraStartTool.java,true,true,true,1,0,LOW,"factoryId 被使用 1 次，无可疑模式"
equipment,EquipmentCcpMonitorTool.java,backend/java/cretas-api/src/main/java/com/cretas/aims/ai/tool/impl/equipment/EquipmentCcpMonitorTool.java,true,true,true,4,0,LOW,"factoryId 被使用 4 次，无可疑模式"
equipment,EquipmentColdChainTool.java,backend/java/cretas-api/src/main/java/com/cretas/aims/ai/tool/impl/equipment/EquipmentColdChainTool.java,true,true,true,2,0,LOW,"factoryId 被使用 2 次，无可疑模式"
equipment,EquipmentDetailTool.java,backend/java/cretas-api/src/main/java/com/cretas/aims/ai/tool/impl/equipment/EquipmentDetailTool.java,true,true,true,2,0,LOW,"factoryId 被使用 2 次，无可疑模式"
equipment,EquipmentHealthDiagnosisTool.java,backend/java/cretas-api/src/main/java/com/cretas/aims/ai/tool/impl/equipment/EquipmentHealthDiagnosisTool.java,true,true,true,2,0,LOW,"factoryId 被使用 2 次，无可疑模式"
equipment,EquipmentListTool.java,backend/java/cretas-api/src/main/java/com/cretas/aims/ai/tool/impl/equipment/EquipmentListTool.java,true,true,true,2,0,LOW,"factoryId 被使用 2 次，无可疑模式"
equipment,EquipmentMaintenanceTool.java,backend/java/cretas-api/src/main/java/com/cretas/aims/ai/tool/impl/equipment/EquipmentMaintenanceTool.java,true,true,true,2,0,LOW,"factoryId 被使用 2 次，无可疑模式"
equipment,EquipmentSearchByNameTool.java,backend/java/cretas-api/src/main/java/com/cretas/aims/ai/tool/impl/equipment/EquipmentSearchByNameTool.java,true,true,true,2,0,LOW,"factoryId 被使用 2 次，无可疑模式"
equipment,EquipmentStartTool.java,backend/java/cretas-api/src/main/java/com/cretas/aims/ai/tool/impl/equipment/EquipmentStartTool.java,true,true,true,2,0,LOW,"factoryId 被使用 2 次，无可疑模式"
equipment,EquipmentStatsTool.java,backend/java/cretas-api/src/main/java/com/cretas/aims/ai/tool/impl/equipment/EquipmentStatsTool.java,true,true,true,3,0,LOW,"factoryId 被使用 3 次，无可疑模式"
equipment,EquipmentStatusQueryTool.java,backend/java/cretas-api/src/main/java/com/cretas/aims/ai/tool/impl/equipment/EquipmentStatusQueryTool.java,true,true,true,6,0,LOW,"factoryId 被使用 6 次，无可疑模式"
equipment,EquipmentStatusUpdateTool.java,backend/java/cretas-api/src/main/java/com/cretas/aims/ai/tool/impl/equipment/EquipmentStatusUpdateTool.java,true,true,true,2,0,LOW,"factoryId 被使用 2 次，无可疑模式"
equipment,EquipmentStopTool.java,backend/java/cretas-api/src/main/java/com/cretas/aims/ai/tool/impl/equipment/EquipmentStopTool.java,true,true,true,2,0,LOW,"factoryId 被使用 2 次，无可疑模式"
system,ExecuteSwitchTool.java,backend/java/cretas-api/src/main/java/com/cretas/aims/ai/tool/impl/system/ExecuteSwitchTool.java,true,true,true,1,0,LOW,"factoryId 被使用 1 次，无可疑模式"
config,FactoryConfigAgentTool.java,backend/java/cretas-api/src/main/java/com/cretas/aims/ai/tool/impl/config/FactoryConfigAgentTool.java,true,true,true,4,0,LOW,"factoryId 被使用 4 次，无可疑模式"
system,FactoryFeatureToggleTool.java,backend/java/cretas-api/src/main/java/com/cretas/aims/ai/tool/impl/system/FactoryFeatureToggleTool.java,true,true,true,5,0,LOW,"factoryId 被使用 5 次，无可疑模式"
system,FactoryNotificationConfigTool.java,backend/java/cretas-api/src/main/java/com/cretas/aims/ai/tool/impl/system/FactoryNotificationConfigTool.java,true,true,true,5,0,LOW,"factoryId 被使用 5 次，无可疑模式"
finance,FinanceDupontTool.java,backend/java/cretas-api/src/main/java/com/cretas/aims/ai/tool/impl/finance/FinanceDupontTool.java,true,true,true,2,0,LOW,"factoryId 被使用 2 次，无可疑模式"
finance,FinanceLiquidityTool.java,backend/java/cretas-api/src/main/java/com/cretas/aims/ai/tool/impl/finance/FinanceLiquidityTool.java,true,true,true,2,0,LOW,"factoryId 被使用 2 次，无可疑模式"
finance,FinancePptExportTool.java,backend/java/cretas-api/src/main/java/com/cretas/aims/ai/tool/impl/finance/FinancePptExportTool.java,true,true,true,2,0,LOW,"factoryId 被使用 2 次，无可疑模式"
finance,FinanceRoaTool.java,backend/java/cretas-api/src/main/java/com/cretas/aims/ai/tool/impl/finance/FinanceRoaTool.java,true,true,true,2,0,LOW,"factoryId 被使用 2 次，无可疑模式"
finance,FinanceRoeTool.java,backend/java/cretas-api/src/main/java/com/cretas/aims/ai/tool/impl/finance/FinanceRoeTool.java,true,true,true,2,0,LOW,"factoryId 被使用 2 次，无可疑模式"
finance,FinanceSolvencyTool.java,backend/java/cretas-api/src/main/java/com/cretas/aims/ai/tool/impl/finance/FinanceSolvencyTool.java,true,true,true,2,0,LOW,"factoryId 被使用 2 次，无可疑模式"
finance,FinanceStatsTool.java,backend/java/cretas-api/src/main/java/com/cretas/aims/ai/tool/impl/finance/FinanceStatsTool.java,true,true,true,2,0,LOW,"factoryId 被使用 2 次，无可疑模式"
finance,FinancialChartGenerateTool.java,backend/java/cretas-api/src/main/java/com/cretas/aims/ai/tool/impl/finance/FinancialChartGenerateTool.java,true,true,true,1,0,LOW,"factoryId 被使用 1 次，无可疑模式"
foodknowledge,FoodKnowledgeQueryTool.java,backend/java/cretas-api/src/main/java/com/cretas/aims/ai/tool/impl/foodknowledge/FoodKnowledgeQueryTool.java,true,true,true,1,0,LOW,"factoryId 被使用 1 次，无可疑模式"
form,FormGenerationTool.java,backend/java/cretas-api/src/main/java/com/cretas/aims/ai/tool/impl/form/FormGenerationTool.java,true,true,true,3,0,LOW,"factoryId 被使用 3 次，无可疑模式"
dataop,GenericDetailTool.java,backend/java/cretas-api/src/main/java/com/cretas/aims/ai/tool/impl/dataop/GenericDetailTool.java,true,true,true,1,0,LOW,"factoryId 被使用 1 次，无可疑模式"
decoration,HomeLayoutGenerateTool.java,backend/java/cretas-api/src/main/java/com/cretas/aims/ai/tool/impl/decoration/HomeLayoutGenerateTool.java,true,true,true,2,0,LOW,"factoryId 被使用 2 次，无可疑模式"
decoration,HomeLayoutSuggestTool.java,backend/java/cretas-api/src/main/java/com/cretas/aims/ai/tool/impl/decoration/HomeLayoutSuggestTool.java,true,true,true,2,0,LOW,"factoryId 被使用 2 次，无可疑模式"
decoration,HomeLayoutUpdateTool.java,backend/java/cretas-api/src/main/java/com/cretas/aims/ai/tool/impl/decoration/HomeLayoutUpdateTool.java,true,true,true,3,0,LOW,"factoryId 被使用 3 次，无可疑模式"
hr,HRDeleteEmployeeTool.java,backend/java/cretas-api/src/main/java/com/cretas/aims/ai/tool/impl/hr/HRDeleteEmployeeTool.java,true,true,true,3,0,LOW,"factoryId 被使用 3 次，无可疑模式"
canvas,HttpCallTool.java,backend/java/cretas-api/src/main/java/com/cretas/aims/ai/tool/impl/canvas/HttpCallTool.java,true,true,true,2,0,LOW,"factoryId 被使用 2 次，无可疑模式"
dataop,InventoryOperationTool.java,backend/java/cretas-api/src/main/java/com/cretas/aims/ai/tool/impl/dataop/InventoryOperationTool.java,true,true,true,5,0,LOW,"factoryId 被使用 5 次，无可疑模式"
finance,InvoiceApproveTool.java,backend/java/cretas-api/src/main/java/com/cretas/aims/ai/tool/impl/finance/InvoiceApproveTool.java,true,true,true,1,0,LOW,"factoryId 被使用 1 次，无可疑模式"
finance,InvoiceRequestFromOrderTool.java,backend/java/cretas-api/src/main/java/com/cretas/aims/ai/tool/impl/finance/InvoiceRequestFromOrderTool.java,true,true,true,1,0,LOW,"factoryId 被使用 1 次，无可疑模式"
finance,InvoiceRequestTool.java,backend/java/cretas-api/src/main/java/com/cretas/aims/ai/tool/impl/finance/InvoiceRequestTool.java,true,true,true,1,0,LOW,"factoryId 被使用 1 次，无可疑模式"
isapi,IsapiDetectionEventsQueryTool.java,backend/java/cretas-api/src/main/java/com/cretas/aims/ai/tool/impl/isapi/IsapiDetectionEventsQueryTool.java,true,true,true,2,0,LOW,"factoryId 被使用 2 次，无可疑模式"
isapi,IsapiFieldDetectionConfigTool.java,backend/java/cretas-api/src/main/java/com/cretas/aims/ai/tool/impl/isapi/IsapiFieldDetectionConfigTool.java,true,true,true,3,0,LOW,"factoryId 被使用 3 次，无可疑模式"
isapi,IsapiLineDetectionConfigTool.java,backend/java/cretas-api/src/main/java/com/cretas/aims/ai/tool/impl/isapi/IsapiLineDetectionConfigTool.java,true,true,true,3,0,LOW,"factoryId 被使用 3 次，无可疑模式"
material,MaterialAdjustQuantityTool.java,backend/java/cretas-api/src/main/java/com/cretas/aims/ai/tool/impl/material/MaterialAdjustQuantityTool.java,true,true,true,3,0,LOW,"factoryId 被使用 3 次，无可疑模式"
material,MaterialBatchConsumeTool.java,backend/java/cretas-api/src/main/java/com/cretas/aims/ai/tool/impl/material/MaterialBatchConsumeTool.java,true,true,true,3,0,LOW,"factoryId 被使用 3 次，无可疑模式"
material,MaterialBatchCreateTool.java,backend/java/cretas-api/src/main/java/com/cretas/aims/ai/tool/impl/material/MaterialBatchCreateTool.java,true,true,true,4,0,LOW,"factoryId 被使用 4 次，无可疑模式"
material,MaterialBatchDeleteTool.java,backend/java/cretas-api/src/main/java/com/cretas/aims/ai/tool/impl/material/MaterialBatchDeleteTool.java,true,true,true,3,0,LOW,"factoryId 被使用 3 次，无可疑模式"
material,MaterialBatchQueryTool.java,backend/java/cretas-api/src/main/java/com/cretas/aims/ai/tool/impl/material/MaterialBatchQueryTool.java,true,true,true,2,0,LOW,"factoryId 被使用 2 次，无可疑模式"
material,MaterialBatchReleaseTool.java,backend/java/cretas-api/src/main/java/com/cretas/aims/ai/tool/impl/material/MaterialBatchReleaseTool.java,true,true,true,3,0,LOW,"factoryId 被使用 3 次，无可疑模式"
material,MaterialBatchReserveTool.java,backend/java/cretas-api/src/main/java/com/cretas/aims/ai/tool/impl/material/MaterialBatchReserveTool.java,true,true,true,3,0,LOW,"factoryId 被使用 3 次，无可疑模式"
material,MaterialBatchSupervisorTool.java,backend/java/cretas-api/src/main/java/com/cretas/aims/ai/tool/impl/material/MaterialBatchSupervisorTool.java,true,true,true,3,0,LOW,"factoryId 被使用 3 次，无可疑模式"
material,MaterialBatchUseTool.java,backend/java/cretas-api/src/main/java/com/cretas/aims/ai/tool/impl/material/MaterialBatchUseTool.java,true,true,true,1,0,LOW,"factoryId 被使用 1 次，无可疑模式"
material,MaterialBatchWorkersTool.java,backend/java/cretas-api/src/main/java/com/cretas/aims/ai/tool/impl/material/MaterialBatchWorkersTool.java,true,true,true,3,0,LOW,"factoryId 被使用 3 次，无可疑模式"
material,MaterialExpiredQueryTool.java,backend/java/cretas-api/src/main/java/com/cretas/aims/ai/tool/impl/material/MaterialExpiredQueryTool.java,true,true,true,3,0,LOW,"factoryId 被使用 3 次，无可疑模式"
material,MaterialExpiringAlertTool.java,backend/java/cretas-api/src/main/java/com/cretas/aims/ai/tool/impl/material/MaterialExpiringAlertTool.java,true,true,true,3,0,LOW,"factoryId 被使用 3 次，无可疑模式"
material,MaterialFifoRecommendTool.java,backend/java/cretas-api/src/main/java/com/cretas/aims/ai/tool/impl/material/MaterialFifoRecommendTool.java,true,true,true,3,0,LOW,"factoryId 被使用 3 次，无可疑模式"
material,MaterialInventoryOutboundTool.java,backend/java/cretas-api/src/main/java/com/cretas/aims/ai/tool/impl/material/MaterialInventoryOutboundTool.java,true,true,true,3,0,LOW,"factoryId 被使用 3 次，无可疑模式"
material,MaterialLowStockAlertTool.java,backend/java/cretas-api/src/main/java/com/cretas/aims/ai/tool/impl/material/MaterialLowStockAlertTool.java,true,true,true,3,0,LOW,"factoryId 被使用 3 次，无可疑模式"
material,MaterialPendingQuantityTool.java,backend/java/cretas-api/src/main/java/com/cretas/aims/ai/tool/impl/material/MaterialPendingQuantityTool.java,true,true,true,3,0,LOW,"factoryId 被使用 3 次，无可疑模式"
material,MaterialProcessingCurrentStepTool.java,backend/java/cretas-api/src/main/java/com/cretas/aims/ai/tool/impl/material/MaterialProcessingCurrentStepTool.java,true,true,true,3,0,LOW,"factoryId 被使用 3 次，无可疑模式"
material,MaterialProcessingStepTool.java,backend/java/cretas-api/src/main/java/com/cretas/aims/ai/tool/impl/material/MaterialProcessingStepTool.java,true,true,true,4,0,LOW,"factoryId 被使用 4 次，无可疑模式"
material,MaterialProductionLineStartTool.java,backend/java/cretas-api/src/main/java/com/cretas/aims/ai/tool/impl/material/MaterialProductionLineStartTool.java,true,true,true,4,0,LOW,"factoryId 被使用 4 次，无可疑模式"
material,MaterialRejectionReasonTool.java,backend/java/cretas-api/src/main/java/com/cretas/aims/ai/tool/impl/material/MaterialRejectionReasonTool.java,true,true,true,3,0,LOW,"factoryId 被使用 3 次，无可疑模式"
factory,MaterialRequisitionCloseTool.java,backend/java/cretas-api/src/main/java/com/cretas/aims/ai/tool/impl/factory/MaterialRequisitionCloseTool.java,true,true,true,1,0,LOW,"factoryId 被使用 1 次，无可疑模式"
factory,MaterialRequisitionGenerateTool.java,backend/java/cretas-api/src/main/java/com/cretas/aims/ai/tool/impl/factory/MaterialRequisitionGenerateTool.java,true,true,true,1,0,LOW,"factoryId 被使用 1 次，无可疑模式"
factory,MaterialRequisitionQueryPendingTool.java,backend/java/cretas-api/src/main/java/com/cretas/aims/ai/tool/impl/factory/MaterialRequisitionQueryPendingTool.java,true,true,true,1,0,LOW,"factoryId 被使用 1 次，无可疑模式"
material,MaterialStockSummaryTool.java,backend/java/cretas-api/src/main/java/com/cretas/aims/ai/tool/impl/material/MaterialStockSummaryTool.java,true,true,true,4,0,LOW,"factoryId 被使用 4 次，无可疑模式"
material,MaterialUpdateTool.java,backend/java/cretas-api/src/main/java/com/cretas/aims/ai/tool/impl/material/MaterialUpdateTool.java,true,true,true,3,0,LOW,"factoryId 被使用 3 次，无可疑模式"
material,MaterialWorkerCountTool.java,backend/java/cretas-api/src/main/java/com/cretas/aims/ai/tool/impl/material/MaterialWorkerCountTool.java,true,true,true,5,0,LOW,"factoryId 被使用 5 次，无可疑模式"
system,NavigateOutOfDomainTool.java,backend/java/cretas-api/src/main/java/com/cretas/aims/ai/tool/impl/system/NavigateOutOfDomainTool.java,true,true,true,1,0,LOW,"factoryId 被使用 1 次，无可疑模式"
dataop,OnlineStaffCountTool.java,backend/java/cretas-api/src/main/java/com/cretas/aims/ai/tool/impl/dataop/OnlineStaffCountTool.java,true,true,true,4,0,LOW,"factoryId 被使用 4 次，无可疑模式"
dataop,OrderApprovalTool.java,backend/java/cretas-api/src/main/java/com/cretas/aims/ai/tool/impl/dataop/OrderApprovalTool.java,true,true,true,3,0,LOW,"factoryId 被使用 3 次，无可疑模式"
crm,OrderCreateTool.java,backend/java/cretas-api/src/main/java/com/cretas/aims/ai/tool/impl/crm/OrderCreateTool.java,true,true,true,2,0,LOW,"factoryId 被使用 2 次，无可疑模式"
crm,OrderDeleteTool.java,backend/java/cretas-api/src/main/java/com/cretas/aims/ai/tool/impl/crm/OrderDeleteTool.java,true,true,true,1,0,LOW,"factoryId 被使用 1 次，无可疑模式"
crm,OrderListTool.java,backend/java/cretas-api/src/main/java/com/cretas/aims/ai/tool/impl/crm/OrderListTool.java,true,true,true,3,0,LOW,"factoryId 被使用 3 次，无可疑模式"
crm,OrderStatsTool.java,backend/java/cretas-api/src/main/java/com/cretas/aims/ai/tool/impl/crm/OrderStatsTool.java,true,true,true,6,0,LOW,"factoryId 被使用 6 次，无可疑模式"
crm,OrderUpdateTool.java,backend/java/cretas-api/src/main/java/com/cretas/aims/ai/tool/impl/crm/OrderUpdateTool.java,true,true,true,1,0,LOW,"factoryId 被使用 1 次，无可疑模式"
system,OutOfDomainTool.java,backend/java/cretas-api/src/main/java/com/cretas/aims/ai/tool/impl/system/OutOfDomainTool.java,true,true,true,1,0,LOW,"factoryId 被使用 1 次，无可疑模式"
pagedesign,PageComponentAddTool.java,backend/java/cretas-api/src/main/java/com/cretas/aims/ai/tool/impl/pagedesign/PageComponentAddTool.java,true,true,true,3,0,LOW,"factoryId 被使用 3 次，无可疑模式"
pagedesign,PageDataBindTool.java,backend/java/cretas-api/src/main/java/com/cretas/aims/ai/tool/impl/pagedesign/PageDataBindTool.java,true,true,true,2,0,LOW,"factoryId 被使用 2 次，无可疑模式"
pagedesign,PageGenerateTool.java,backend/java/cretas-api/src/main/java/com/cretas/aims/ai/tool/impl/pagedesign/PageGenerateTool.java,true,true,true,3,0,LOW,"factoryId 被使用 3 次，无可疑模式"
pagedesign,PageStyleUpdateTool.java,backend/java/cretas-api/src/main/java/com/cretas/aims/ai/tool/impl/pagedesign/PageStyleUpdateTool.java,true,true,true,2,0,LOW,"factoryId 被使用 2 次，无可疑模式"
system,PasswordResetTool.java,backend/java/cretas-api/src/main/java/com/cretas/aims/ai/tool/impl/system/PasswordResetTool.java,true,true,true,1,0,LOW,"factoryId 被使用 1 次，无可疑模式"
finance,PaymentRecordTool.java,backend/java/cretas-api/src/main/java/com/cretas/aims/ai/tool/impl/finance/PaymentRecordTool.java,true,true,true,1,0,LOW,"factoryId 被使用 1 次，无可疑模式"
sales,PaymentStatusTool.java,backend/java/cretas-api/src/main/java/com/cretas/aims/ai/tool/impl/sales/PaymentStatusTool.java,true,true,true,2,0,LOW,"factoryId 被使用 2 次，无可疑模式"
system,PermissionQueryTool.java,backend/java/cretas-api/src/main/java/com/cretas/aims/ai/tool/impl/system/PermissionQueryTool.java,true,true,true,1,0,LOW,"factoryId 被使用 1 次，无可疑模式"
dataop,PlanUpdateTool.java,backend/java/cretas-api/src/main/java/com/cretas/aims/ai/tool/impl/dataop/PlanUpdateTool.java,true,true,true,9,0,LOW,"factoryId 被使用 9 次，无可疑模式"
processing,ProcessingBatchCancelTool.java,backend/java/cretas-api/src/main/java/com/cretas/aims/ai/tool/impl/processing/ProcessingBatchCancelTool.java,true,true,true,2,0,LOW,"factoryId 被使用 2 次，无可疑模式"
processing,ProcessingBatchCompleteTool.java,backend/java/cretas-api/src/main/java/com/cretas/aims/ai/tool/impl/processing/ProcessingBatchCompleteTool.java,true,true,true,2,0,LOW,"factoryId 被使用 2 次，无可疑模式"
processing,ProcessingBatchCreateTool.java,backend/java/cretas-api/src/main/java/com/cretas/aims/ai/tool/impl/processing/ProcessingBatchCreateTool.java,true,true,true,4,0,LOW,"factoryId 被使用 4 次，无可疑模式"
dataop,ProcessingBatchCreateToolDataOp.java,backend/java/cretas-api/src/main/java/com/cretas/aims/ai/tool/impl/dataop/ProcessingBatchCreateToolDataOp.java,true,true,true,4,0,LOW,"factoryId 被使用 4 次，无可疑模式"
processing,ProcessingBatchDetailTool.java,backend/java/cretas-api/src/main/java/com/cretas/aims/ai/tool/impl/processing/ProcessingBatchDetailTool.java,true,true,true,2,0,LOW,"factoryId 被使用 2 次，无可疑模式"
processing,ProcessingBatchListTool.java,backend/java/cretas-api/src/main/java/com/cretas/aims/ai/tool/impl/processing/ProcessingBatchListTool.java,true,true,true,2,0,LOW,"factoryId 被使用 2 次，无可疑模式"
processing,ProcessingBatchPauseTool.java,backend/java/cretas-api/src/main/java/com/cretas/aims/ai/tool/impl/processing/ProcessingBatchPauseTool.java,true,true,true,2,0,LOW,"factoryId 被使用 2 次，无可疑模式"
processing,ProcessingBatchResumeTool.java,backend/java/cretas-api/src/main/java/com/cretas/aims/ai/tool/impl/processing/ProcessingBatchResumeTool.java,true,true,true,2,0,LOW,"factoryId 被使用 2 次，无可疑模式"
processing,ProcessingBatchStartTool.java,backend/java/cretas-api/src/main/java/com/cretas/aims/ai/tool/impl/processing/ProcessingBatchStartTool.java,true,true,true,2,0,LOW,"factoryId 被使用 2 次，无可疑模式"
processing,ProcessingBatchTimelineTool.java,backend/java/cretas-api/src/main/java/com/cretas/aims/ai/tool/impl/processing/ProcessingBatchTimelineTool.java,true,true,true,2,0,LOW,"factoryId 被使用 2 次，无可疑模式"
processing,ProcessingBatchWorkersTool.java,backend/java/cretas-api/src/main/java/com/cretas/aims/ai/tool/impl/processing/ProcessingBatchWorkersTool.java,true,true,true,4,0,LOW,"factoryId 被使用 4 次，无可疑模式"
dataop,ProcessingStepQueryTool.java,backend/java/cretas-api/src/main/java/com/cretas/aims/ai/tool/impl/dataop/ProcessingStepQueryTool.java,true,true,true,4,0,LOW,"factoryId 被使用 4 次，无可疑模式"
processing,ProcessingWorkerAssignTool.java,backend/java/cretas-api/src/main/java/com/cretas/aims/ai/tool/impl/processing/ProcessingWorkerAssignTool.java,true,true,true,4,0,LOW,"factoryId 被使用 4 次，无可疑模式"
processing,ProcessingWorkerCheckoutTool.java,backend/java/cretas-api/src/main/java/com/cretas/aims/ai/tool/impl/processing/ProcessingWorkerCheckoutTool.java,true,true,true,4,0,LOW,"factoryId 被使用 4 次，无可疑模式"
processing,ProcessTaskAnalysisTool.java,backend/java/cretas-api/src/main/java/com/cretas/aims/ai/tool/impl/processing/ProcessTaskAnalysisTool.java,true,true,true,3,0,LOW,"factoryId 被使用 3 次，无可疑模式"
processing,ProcessTaskCreateTool.java,backend/java/cretas-api/src/main/java/com/cretas/aims/ai/tool/impl/processing/ProcessTaskCreateTool.java,true,true,true,2,0,LOW,"factoryId 被使用 2 次，无可疑模式"
processing,ProcessTaskQueryTool.java,backend/java/cretas-api/src/main/java/com/cretas/aims/ai/tool/impl/processing/ProcessTaskQueryTool.java,true,true,true,3,0,LOW,"factoryId 被使用 3 次，无可疑模式"
processing,ProcessTaskSummaryTool.java,backend/java/cretas-api/src/main/java/com/cretas/aims/ai/tool/impl/processing/ProcessTaskSummaryTool.java,true,true,true,2,0,LOW,"factoryId 被使用 2 次，无可疑模式"
processing,ProductionConfirmWorkersPresentTool.java,backend/java/cretas-api/src/main/java/com/cretas/aims/ai/tool/impl/processing/ProductionConfirmWorkersPresentTool.java,true,true,true,3,0,LOW,"factoryId 被使用 3 次，无可疑模式"
dataop,ProductionPlanCreateTool.java,backend/java/cretas-api/src/main/java/com/cretas/aims/ai/tool/impl/dataop/ProductionPlanCreateTool.java,true,true,true,3,0,LOW,"factoryId 被使用 3 次，无可疑模式"
production,ProductionProgressDashboardTool.java,backend/java/cretas-api/src/main/java/com/cretas/aims/ai/tool/impl/production/ProductionProgressDashboardTool.java,true,true,true,1,0,LOW,"factoryId 被使用 1 次，无可疑模式"
dataop,ProductTypeQueryTool.java,backend/java/cretas-api/src/main/java/com/cretas/aims/ai/tool/impl/dataop/ProductTypeQueryTool.java,true,true,true,4,0,LOW,"factoryId 被使用 4 次，无可疑模式"
dataop,ProductUpdateTool.java,backend/java/cretas-api/src/main/java/com/cretas/aims/ai/tool/impl/dataop/ProductUpdateTool.java,true,true,true,2,0,LOW,"factoryId 被使用 2 次，无可疑模式"
system,ProfileEditTool.java,backend/java/cretas-api/src/main/java/com/cretas/aims/ai/tool/impl/system/ProfileEditTool.java,true,true,true,1,0,LOW,"factoryId 被使用 1 次，无可疑模式"
purchase,PurchaseFinanceApproveTool.java,backend/java/cretas-api/src/main/java/com/cretas/aims/ai/tool/impl/purchase/PurchaseFinanceApproveTool.java,true,true,true,2,0,LOW,"factoryId 被使用 2 次，无可疑模式"
purchase,PurchaseOrderApproveTool.java,backend/java/cretas-api/src/main/java/com/cretas/aims/ai/tool/impl/purchase/PurchaseOrderApproveTool.java,true,true,true,5,0,LOW,"factoryId 被使用 5 次，无可疑模式"
purchase,PurchaseOrderCreateTool.java,backend/java/cretas-api/src/main/java/com/cretas/aims/ai/tool/impl/purchase/PurchaseOrderCreateTool.java,true,true,true,2,0,LOW,"factoryId 被使用 2 次，无可疑模式"
purchase,PurchaseOrderDetailTool.java,backend/java/cretas-api/src/main/java/com/cretas/aims/ai/tool/impl/purchase/PurchaseOrderDetailTool.java,true,true,true,1,0,LOW,"factoryId 被使用 1 次，无可疑模式"
purchase,PurchaseOrderListTool.java,backend/java/cretas-api/src/main/java/com/cretas/aims/ai/tool/impl/purchase/PurchaseOrderListTool.java,true,true,true,2,0,LOW,"factoryId 被使用 2 次，无可疑模式"
purchase,PurchaseStatsTool.java,backend/java/cretas-api/src/main/java/com/cretas/aims/ai/tool/impl/purchase/PurchaseStatsTool.java,true,true,true,1,0,LOW,"factoryId 被使用 1 次，无可疑模式"
quality,QualityBatchMarkInspectedTool.java,backend/java/cretas-api/src/main/java/com/cretas/aims/ai/tool/impl/quality/QualityBatchMarkInspectedTool.java,true,true,true,2,0,LOW,"factoryId 被使用 2 次，无可疑模式"
quality,QualityCheckCreateTool.java,backend/java/cretas-api/src/main/java/com/cretas/aims/ai/tool/impl/quality/QualityCheckCreateTool.java,true,true,true,4,0,LOW,"factoryId 被使用 4 次，无可疑模式"
quality,QualityCheckExecuteTool.java,backend/java/cretas-api/src/main/java/com/cretas/aims/ai/tool/impl/quality/QualityCheckExecuteTool.java,true,true,true,2,0,LOW,"factoryId 被使用 2 次，无可疑模式"
quality,QualityCheckQueryTool.java,backend/java/cretas-api/src/main/java/com/cretas/aims/ai/tool/impl/quality/QualityCheckQueryTool.java,true,true,true,2,0,LOW,"factoryId 被使用 2 次，无可疑模式"
quality,QualityCheckUpdateTool.java,backend/java/cretas-api/src/main/java/com/cretas/aims/ai/tool/impl/quality/QualityCheckUpdateTool.java,true,true,true,3,0,LOW,"factoryId 被使用 3 次，无可疑模式"
quality,QualityCriticalItemsTool.java,backend/java/cretas-api/src/main/java/com/cretas/aims/ai/tool/impl/quality/QualityCriticalItemsTool.java,true,true,true,2,0,LOW,"factoryId 被使用 2 次，无可疑模式"
quality,QualityDispositionEvaluateTool.java,backend/java/cretas-api/src/main/java/com/cretas/aims/ai/tool/impl/quality/QualityDispositionEvaluateTool.java,true,true,true,3,0,LOW,"factoryId 被使用 3 次，无可疑模式"
quality,QualityDispositionExecuteTool.java,backend/java/cretas-api/src/main/java/com/cretas/aims/ai/tool/impl/quality/QualityDispositionExecuteTool.java,true,true,true,3,0,LOW,"factoryId 被使用 3 次，无可疑模式"
quality,QualityRecordQueryTool.java,backend/java/cretas-api/src/main/java/com/cretas/aims/ai/tool/impl/quality/QualityRecordQueryTool.java,true,true,true,2,0,LOW,"factoryId 被使用 2 次，无可疑模式"
quality,QualityResultSubmitTool.java,backend/java/cretas-api/src/main/java/com/cretas/aims/ai/tool/impl/quality/QualityResultSubmitTool.java,true,true,true,3,0,LOW,"factoryId 被使用 3 次，无可疑模式"
quality,QualityStatsQueryTool.java,backend/java/cretas-api/src/main/java/com/cretas/aims/ai/tool/impl/quality/QualityStatsQueryTool.java,true,true,true,12,0,LOW,"factoryId 被使用 12 次，无可疑模式"
hr,QueryEmployeeProfileTool.java,backend/java/cretas-api/src/main/java/com/cretas/aims/ai/tool/impl/hr/QueryEmployeeProfileTool.java,true,true,true,2,0,LOW,"factoryId 被使用 2 次，无可疑模式"
hr,QueryOnlineStaffCountTool.java,backend/java/cretas-api/src/main/java/com/cretas/aims/ai/tool/impl/hr/QueryOnlineStaffCountTool.java,true,true,true,2,0,LOW,"factoryId 被使用 2 次，无可疑模式"
dataop,QueryRetryLastTool.java,backend/java/cretas-api/src/main/java/com/cretas/aims/ai/tool/impl/dataop/QueryRetryLastTool.java,true,true,true,1,0,LOW,"factoryId 被使用 1 次，无可疑模式"
shipment,QueryTransportLineTool.java,backend/java/cretas-api/src/main/java/com/cretas/aims/ai/tool/impl/shipment/QueryTransportLineTool.java,true,true,true,3,0,LOW,"factoryId 被使用 3 次，无可疑模式"
rd,RdRequestCreateTool.java,backend/java/cretas-api/src/main/java/com/cretas/aims/ai/tool/impl/rd/RdRequestCreateTool.java,true,true,true,1,0,LOW,"factoryId 被使用 1 次，无可疑模式"
report,ReportAiQualityTool.java,backend/java/cretas-api/src/main/java/com/cretas/aims/ai/tool/impl/report/ReportAiQualityTool.java,true,true,true,2,0,LOW,"factoryId 被使用 2 次，无可疑模式"
report,ReportAnalyzeEquipmentTool.java,backend/java/cretas-api/src/main/java/com/cretas/aims/ai/tool/impl/report/ReportAnalyzeEquipmentTool.java,true,true,true,3,0,LOW,"factoryId 被使用 3 次，无可疑模式"
report,ReportAnomalyTool.java,backend/java/cretas-api/src/main/java/com/cretas/aims/ai/tool/impl/report/ReportAnomalyTool.java,true,true,true,3,0,LOW,"factoryId 被使用 3 次，无可疑模式"
report,ReportApprovalRecordTool.java,backend/java/cretas-api/src/main/java/com/cretas/aims/ai/tool/impl/report/ReportApprovalRecordTool.java,true,true,true,3,0,LOW,"factoryId 被使用 3 次，无可疑模式"
report,ReportAttendanceStatsByDeptTool.java,backend/java/cretas-api/src/main/java/com/cretas/aims/ai/tool/impl/report/ReportAttendanceStatsByDeptTool.java,true,true,true,3,0,LOW,"factoryId 被使用 3 次，无可疑模式"
report,ReportBenefitOverviewTool.java,backend/java/cretas-api/src/main/java/com/cretas/aims/ai/tool/impl/report/ReportBenefitOverviewTool.java,true,true,true,3,0,LOW,"factoryId 被使用 3 次，无可疑模式"
report,ReportBomCostTool.java,backend/java/cretas-api/src/main/java/com/cretas/aims/ai/tool/impl/report/ReportBomCostTool.java,true,true,true,6,0,LOW,"factoryId 被使用 6 次，无可疑模式"
report,ReportCostQueryTool.java,backend/java/cretas-api/src/main/java/com/cretas/aims/ai/tool/impl/report/ReportCostQueryTool.java,true,true,true,2,0,LOW,"factoryId 被使用 2 次，无可疑模式"
report,ReportCostTrendAnalysisTool.java,backend/java/cretas-api/src/main/java/com/cretas/aims/ai/tool/impl/report/ReportCostTrendAnalysisTool.java,true,true,true,2,0,LOW,"factoryId 被使用 2 次，无可疑模式"
report,ReportCostVarianceTool.java,backend/java/cretas-api/src/main/java/com/cretas/aims/ai/tool/impl/report/ReportCostVarianceTool.java,true,true,true,3,0,LOW,"factoryId 被使用 3 次，无可疑模式"
report,ReportDashboardOverviewTool.java,backend/java/cretas-api/src/main/java/com/cretas/aims/ai/tool/impl/report/ReportDashboardOverviewTool.java,true,true,true,3,0,LOW,"factoryId 被使用 3 次，无可疑模式"
report,ReportEfficiencyTool.java,backend/java/cretas-api/src/main/java/com/cretas/aims/ai/tool/impl/report/ReportEfficiencyTool.java,true,true,true,3,0,LOW,"factoryId 被使用 3 次，无可疑模式"
report,ReportEquipmentStatusByNameTool.java,backend/java/cretas-api/src/main/java/com/cretas/aims/ai/tool/impl/report/ReportEquipmentStatusByNameTool.java,true,true,true,3,0,LOW,"factoryId 被使用 3 次，无可疑模式"
report,ReportFinanceRatioTool.java,backend/java/cretas-api/src/main/java/com/cretas/aims/ai/tool/impl/report/ReportFinanceRatioTool.java,true,true,true,2,0,LOW,"factoryId 被使用 2 次，无可疑模式"
report,ReportFinanceTool.java,backend/java/cretas-api/src/main/java/com/cretas/aims/ai/tool/impl/report/ReportFinanceTool.java,true,true,true,3,0,LOW,"factoryId 被使用 3 次，无可疑模式"
report,ReportInventoryTool.java,backend/java/cretas-api/src/main/java/com/cretas/aims/ai/tool/impl/report/ReportInventoryTool.java,true,true,true,3,0,LOW,"factoryId 被使用 3 次，无可疑模式"
report,ReportKpiTool.java,backend/java/cretas-api/src/main/java/com/cretas/aims/ai/tool/impl/report/ReportKpiTool.java,true,true,true,3,0,LOW,"factoryId 被使用 3 次，无可疑模式"
report,ReportMrpCalculationTool.java,backend/java/cretas-api/src/main/java/com/cretas/aims/ai/tool/impl/report/ReportMrpCalculationTool.java,true,true,true,2,0,LOW,"factoryId 被使用 2 次，无可疑模式"
report,ReportOeeTool.java,backend/java/cretas-api/src/main/java/com/cretas/aims/ai/tool/impl/report/ReportOeeTool.java,true,true,true,3,0,LOW,"factoryId 被使用 3 次，无可疑模式"
report,ReportOnlineStaffCountTool.java,backend/java/cretas-api/src/main/java/com/cretas/aims/ai/tool/impl/report/ReportOnlineStaffCountTool.java,true,true,true,3,0,LOW,"factoryId 被使用 3 次，无可疑模式"
report,ReportPaymentStatusTool.java,backend/java/cretas-api/src/main/java/com/cretas/aims/ai/tool/impl/report/ReportPaymentStatusTool.java,true,true,true,2,0,LOW,"factoryId 被使用 2 次，无可疑模式"
report,ReportProductionLineStartTool.java,backend/java/cretas-api/src/main/java/com/cretas/aims/ai/tool/impl/report/ReportProductionLineStartTool.java,true,true,true,1,0,LOW,"factoryId 被使用 1 次，无可疑模式"
report,ReportProductionTool.java,backend/java/cretas-api/src/main/java/com/cretas/aims/ai/tool/impl/report/ReportProductionTool.java,true,true,true,3,0,LOW,"factoryId 被使用 3 次，无可疑模式"
report,ReportProductionWeeklyComparisonTool.java,backend/java/cretas-api/src/main/java/com/cretas/aims/ai/tool/impl/report/ReportProductionWeeklyComparisonTool.java,true,true,true,2,0,LOW,"factoryId 被使用 2 次，无可疑模式"
report,ReportQualityTool.java,backend/java/cretas-api/src/main/java/com/cretas/aims/ai/tool/impl/report/ReportQualityTool.java,true,true,true,3,0,LOW,"factoryId 被使用 3 次，无可疑模式"
report,ReportSalesTool.java,backend/java/cretas-api/src/main/java/com/cretas/aims/ai/tool/impl/report/ReportSalesTool.java,true,true,true,2,0,LOW,"factoryId 被使用 2 次，无可疑模式"
report,ReportSchedulingExecuteTool.java,backend/java/cretas-api/src/main/java/com/cretas/aims/ai/tool/impl/report/ReportSchedulingExecuteTool.java,true,true,true,1,0,LOW,"factoryId 被使用 1 次，无可疑模式"
report,ReportSchedulingListTool.java,backend/java/cretas-api/src/main/java/com/cretas/aims/ai/tool/impl/report/ReportSchedulingListTool.java,true,true,true,2,0,LOW,"factoryId 被使用 2 次，无可疑模式"
report,ReportSchedulingModeChangeTool.java,backend/java/cretas-api/src/main/java/com/cretas/aims/ai/tool/impl/report/ReportSchedulingModeChangeTool.java,true,true,true,3,0,LOW,"factoryId 被使用 3 次，无可疑模式"
report,ReportTaskAssignWorkerTool.java,backend/java/cretas-api/src/main/java/com/cretas/aims/ai/tool/impl/report/ReportTaskAssignWorkerTool.java,true,true,true,1,0,LOW,"factoryId 被使用 1 次，无可疑模式"
report,ReportTrendsTool.java,backend/java/cretas-api/src/main/java/com/cretas/aims/ai/tool/impl/report/ReportTrendsTool.java,true,true,true,3,0,LOW,"factoryId 被使用 3 次，无可疑模式"
report,ReportWorkshopDailyTool.java,backend/java/cretas-api/src/main/java/com/cretas/aims/ai/tool/impl/report/ReportWorkshopDailyTool.java,true,true,true,3,0,LOW,"factoryId 被使用 3 次，无可疑模式"
restaurant,RestaurantAvgTicketTool.java,backend/java/cretas-api/src/main/java/com/cretas/aims/ai/tool/impl/restaurant/RestaurantAvgTicketTool.java,true,true,true,3,0,LOW,"factoryId 被使用 3 次，无可疑模式"
restaurant,RestaurantBestsellerQueryTool.java,backend/java/cretas-api/src/main/java/com/cretas/aims/ai/tool/impl/restaurant/RestaurantBestsellerQueryTool.java,true,true,true,2,0,LOW,"factoryId 被使用 2 次，无可疑模式"
restaurant,RestaurantDailyRevenueTool.java,backend/java/cretas-api/src/main/java/com/cretas/aims/ai/tool/impl/restaurant/RestaurantDailyRevenueTool.java,true,true,true,2,0,LOW,"factoryId 被使用 2 次，无可疑模式"
restaurant,RestaurantDishCostAnalysisTool.java,backend/java/cretas-api/src/main/java/com/cretas/aims/ai/tool/impl/restaurant/RestaurantDishCostAnalysisTool.java,true,true,true,3,0,LOW,"factoryId 被使用 3 次，无可疑模式"
restaurant,RestaurantDishCreateTool.java,backend/java/cretas-api/src/main/java/com/cretas/aims/ai/tool/impl/restaurant/RestaurantDishCreateTool.java,true,true,true,5,0,LOW,"factoryId 被使用 5 次，无可疑模式"
restaurant,RestaurantDishDeleteTool.java,backend/java/cretas-api/src/main/java/com/cretas/aims/ai/tool/impl/restaurant/RestaurantDishDeleteTool.java,true,true,true,5,0,LOW,"factoryId 被使用 5 次，无可疑模式"
restaurant,RestaurantDishListTool.java,backend/java/cretas-api/src/main/java/com/cretas/aims/ai/tool/impl/restaurant/RestaurantDishListTool.java,true,true,true,2,0,LOW,"factoryId 被使用 2 次，无可疑模式"
restaurant,RestaurantDishProductSalesRankingTool.java,backend/java/cretas-api/src/main/java/com/cretas/aims/ai/tool/impl/restaurant/RestaurantDishProductSalesRankingTool.java,true,true,true,3,0,LOW,"factoryId 被使用 3 次，无可疑模式"
restaurant,RestaurantDishSalesRankingTool.java,backend/java/cretas-api/src/main/java/com/cretas/aims/ai/tool/impl/restaurant/RestaurantDishSalesRankingTool.java,true,true,true,2,0,LOW,"factoryId 被使用 2 次，无可疑模式"
restaurant,RestaurantDishUpdateTool.java,backend/java/cretas-api/src/main/java/com/cretas/aims/ai/tool/impl/restaurant/RestaurantDishUpdateTool.java,true,true,true,5,0,LOW,"factoryId 被使用 5 次，无可疑模式"
restaurant,RestaurantIngredientCostTrendTool.java,backend/java/cretas-api/src/main/java/com/cretas/aims/ai/tool/impl/restaurant/RestaurantIngredientCostTrendTool.java,true,true,true,2,0,LOW,"factoryId 被使用 2 次，无可疑模式"
restaurant,RestaurantIngredientExpiryAlertTool.java,backend/java/cretas-api/src/main/java/com/cretas/aims/ai/tool/impl/restaurant/RestaurantIngredientExpiryAlertTool.java,true,true,true,2,0,LOW,"factoryId 被使用 2 次，无可疑模式"
restaurant,RestaurantIngredientLowStockTool.java,backend/java/cretas-api/src/main/java/com/cretas/aims/ai/tool/impl/restaurant/RestaurantIngredientLowStockTool.java,true,true,true,3,0,LOW,"factoryId 被使用 3 次，无可疑模式"
restaurant,RestaurantIngredientStockTool.java,backend/java/cretas-api/src/main/java/com/cretas/aims/ai/tool/impl/restaurant/RestaurantIngredientStockTool.java,true,true,true,2,0,LOW,"factoryId 被使用 2 次，无可疑模式"
restaurant,RestaurantMarginAnalysisTool.java,backend/java/cretas-api/src/main/java/com/cretas/aims/ai/tool/impl/restaurant/RestaurantMarginAnalysisTool.java,true,true,true,3,0,LOW,"factoryId 被使用 3 次，无可疑模式"
restaurant,RestaurantOrderStatisticsTool.java,backend/java/cretas-api/src/main/java/com/cretas/aims/ai/tool/impl/restaurant/RestaurantOrderStatisticsTool.java,true,true,true,3,0,LOW,"factoryId 被使用 3 次，无可疑模式"
restaurant,RestaurantPeakHoursAnalysisTool.java,backend/java/cretas-api/src/main/java/com/cretas/aims/ai/tool/impl/restaurant/RestaurantPeakHoursAnalysisTool.java,true,true,true,2,0,LOW,"factoryId 被使用 2 次，无可疑模式"
restaurant,RestaurantProcurementCreateTool.java,backend/java/cretas-api/src/main/java/com/cretas/aims/ai/tool/impl/restaurant/RestaurantProcurementCreateTool.java,true,true,true,5,0,LOW,"factoryId 被使用 5 次，无可疑模式"
restaurant,RestaurantProcurementSuggestionTool.java,backend/java/cretas-api/src/main/java/com/cretas/aims/ai/tool/impl/restaurant/RestaurantProcurementSuggestionTool.java,true,true,true,4,0,LOW,"factoryId 被使用 4 次，无可疑模式"
restaurant,RestaurantReturnRateTool.java,backend/java/cretas-api/src/main/java/com/cretas/aims/ai/tool/impl/restaurant/RestaurantReturnRateTool.java,true,true,true,2,0,LOW,"factoryId 被使用 2 次，无可疑模式"
restaurant,RestaurantRevenueTrendTool.java,backend/java/cretas-api/src/main/java/com/cretas/aims/ai/tool/impl/restaurant/RestaurantRevenueTrendTool.java,true,true,true,2,0,LOW,"factoryId 被使用 2 次，无可疑模式"
restaurant,RestaurantSlowSellerQueryTool.java,backend/java/cretas-api/src/main/java/com/cretas/aims/ai/tool/impl/restaurant/RestaurantSlowSellerQueryTool.java,true,true,true,3,0,LOW,"factoryId 被使用 3 次，无可疑模式"
restaurant,RestaurantTableTurnoverTool.java,backend/java/cretas-api/src/main/java/com/cretas/aims/ai/tool/impl/restaurant/RestaurantTableTurnoverTool.java,true,true,true,2,0,LOW,"factoryId 被使用 2 次，无可疑模式"
restaurant,RestaurantWastageAnomalyTool.java,backend/java/cretas-api/src/main/java/com/cretas/aims/ai/tool/impl/restaurant/RestaurantWastageAnomalyTool.java,true,true,true,2,0,LOW,"factoryId 被使用 2 次，无可疑模式"
restaurant,RestaurantWastageRateTool.java,backend/java/cretas-api/src/main/java/com/cretas/aims/ai/tool/impl/restaurant/RestaurantWastageRateTool.java,true,true,true,3,0,LOW,"factoryId 被使用 3 次，无可疑模式"
restaurant,RestaurantWastageRecordTool.java,backend/java/cretas-api/src/main/java/com/cretas/aims/ai/tool/impl/restaurant/RestaurantWastageRecordTool.java,true,true,true,5,0,LOW,"factoryId 被使用 5 次，无可疑模式"
restaurant,RestaurantWastageSummaryTool.java,backend/java/cretas-api/src/main/java/com/cretas/aims/ai/tool/impl/restaurant/RestaurantWastageSummaryTool.java,true,true,true,2,0,LOW,"factoryId 被使用 2 次，无可疑模式"
returnorder,ReturnOrderApproveTool.java,backend/java/cretas-api/src/main/java/com/cretas/aims/ai/tool/impl/returnorder/ReturnOrderApproveTool.java,true,true,true,6,0,LOW,"factoryId 被使用 6 次，无可疑模式"
returnorder,ReturnOrderCreateTool.java,backend/java/cretas-api/src/main/java/com/cretas/aims/ai/tool/impl/returnorder/ReturnOrderCreateTool.java,true,true,true,2,0,LOW,"factoryId 被使用 2 次，无可疑模式"
returnorder,ReturnOrderDetailTool.java,backend/java/cretas-api/src/main/java/com/cretas/aims/ai/tool/impl/returnorder/ReturnOrderDetailTool.java,true,true,true,1,0,LOW,"factoryId 被使用 1 次，无可疑模式"
returnorder,ReturnOrderListTool.java,backend/java/cretas-api/src/main/java/com/cretas/aims/ai/tool/impl/returnorder/ReturnOrderListTool.java,true,true,true,1,0,LOW,"factoryId 被使用 1 次，无可疑模式"
returnorder,ReturnStatsTool.java,backend/java/cretas-api/src/main/java/com/cretas/aims/ai/tool/impl/returnorder/ReturnStatsTool.java,true,true,true,1,0,LOW,"factoryId 被使用 1 次，无可疑模式"
warehouse,ReusableContainerLossTool.java,backend/java/cretas-api/src/main/java/com/cretas/aims/ai/tool/impl/warehouse/ReusableContainerLossTool.java,true,true,true,1,0,LOW,"factoryId 被使用 1 次，无可疑模式"
warehouse,ReusableContainerQueryTool.java,backend/java/cretas-api/src/main/java/com/cretas/aims/ai/tool/impl/warehouse/ReusableContainerQueryTool.java,true,true,true,2,0,LOW,"factoryId 被使用 2 次，无可疑模式"
warehouse,ReusableContainerReturnInTool.java,backend/java/cretas-api/src/main/java/com/cretas/aims/ai/tool/impl/warehouse/ReusableContainerReturnInTool.java,true,true,true,1,0,LOW,"factoryId 被使用 1 次，无可疑模式"
warehouse,ReusableContainerShipOutTool.java,backend/java/cretas-api/src/main/java/com/cretas/aims/ai/tool/impl/warehouse/ReusableContainerShipOutTool.java,true,true,true,1,0,LOW,"factoryId 被使用 1 次，无可疑模式"
config,RuleConfigTool.java,backend/java/cretas-api/src/main/java/com/cretas/aims/ai/tool/impl/config/RuleConfigTool.java,true,true,true,6,0,LOW,"factoryId 被使用 6 次，无可疑模式"
sales,SalesCreateDeliveryTool.java,backend/java/cretas-api/src/main/java/com/cretas/aims/ai/tool/impl/sales/SalesCreateDeliveryTool.java,true,true,true,1,0,LOW,"factoryId 被使用 1 次，无可疑模式"
sales,SalesCreateInvoiceTool.java,backend/java/cretas-api/src/main/java/com/cretas/aims/ai/tool/impl/sales/SalesCreateInvoiceTool.java,true,true,true,1,0,LOW,"factoryId 被使用 1 次，无可疑模式"
sales,SalesRecordPaymentTool.java,backend/java/cretas-api/src/main/java/com/cretas/aims/ai/tool/impl/sales/SalesRecordPaymentTool.java,true,true,true,1,0,LOW,"factoryId 被使用 1 次，无可疑模式"
sales,SalesReportTool.java,backend/java/cretas-api/src/main/java/com/cretas/aims/ai/tool/impl/sales/SalesReportTool.java,true,true,true,2,0,LOW,"factoryId 被使用 2 次，无可疑模式"
rd,SampleApproveTool.java,backend/java/cretas-api/src/main/java/com/cretas/aims/ai/tool/impl/rd/SampleApproveTool.java,true,true,true,2,0,LOW,"factoryId 被使用 2 次，无可疑模式"
rd,SampleCreateTool.java,backend/java/cretas-api/src/main/java/com/cretas/aims/ai/tool/impl/rd/SampleCreateTool.java,true,true,true,1,0,LOW,"factoryId 被使用 1 次，无可疑模式"
scale,ScaleAddDeviceTool.java,backend/java/cretas-api/src/main/java/com/cretas/aims/ai/tool/impl/scale/ScaleAddDeviceTool.java,true,true,true,4,0,LOW,"factoryId 被使用 4 次，无可疑模式"
scale,ScaleAddDeviceVisionTool.java,backend/java/cretas-api/src/main/java/com/cretas/aims/ai/tool/impl/scale/ScaleAddDeviceVisionTool.java,true,true,true,5,0,LOW,"factoryId 被使用 5 次，无可疑模式"
scale,ScaleCalibrateTool.java,backend/java/cretas-api/src/main/java/com/cretas/aims/ai/tool/impl/scale/ScaleCalibrateTool.java,true,true,true,1,0,LOW,"factoryId 被使用 1 次，无可疑模式"
scale,ScaleConfigGenerateTool.java,backend/java/cretas-api/src/main/java/com/cretas/aims/ai/tool/impl/scale/ScaleConfigGenerateTool.java,true,true,true,1,0,LOW,"factoryId 被使用 1 次，无可疑模式"
scale,ScaleDeleteDeviceTool.java,backend/java/cretas-api/src/main/java/com/cretas/aims/ai/tool/impl/scale/ScaleDeleteDeviceTool.java,true,true,true,2,0,LOW,"factoryId 被使用 2 次，无可疑模式"
scale,ScaleListDevicesTool.java,backend/java/cretas-api/src/main/java/com/cretas/aims/ai/tool/impl/scale/ScaleListDevicesTool.java,true,true,true,2,0,LOW,"factoryId 被使用 2 次，无可疑模式"
scale,ScaleListProtocolsTool.java,backend/java/cretas-api/src/main/java/com/cretas/aims/ai/tool/impl/scale/ScaleListProtocolsTool.java,true,true,true,2,0,LOW,"factoryId 被使用 2 次，无可疑模式"
scale,ScaleProtocolDetectTool.java,backend/java/cretas-api/src/main/java/com/cretas/aims/ai/tool/impl/scale/ScaleProtocolDetectTool.java,true,true,true,1,0,LOW,"factoryId 被使用 1 次，无可疑模式"
scale,ScaleTestParseTool.java,backend/java/cretas-api/src/main/java/com/cretas/aims/ai/tool/impl/scale/ScaleTestParseTool.java,true,true,true,1,0,LOW,"factoryId 被使用 1 次，无可疑模式"
scale,ScaleTroubleshootTool.java,backend/java/cretas-api/src/main/java/com/cretas/aims/ai/tool/impl/scale/ScaleTroubleshootTool.java,true,true,true,1,0,LOW,"factoryId 被使用 1 次，无可疑模式"
scale,ScaleUpdateDeviceTool.java,backend/java/cretas-api/src/main/java/com/cretas/aims/ai/tool/impl/scale/ScaleUpdateDeviceTool.java,true,true,true,2,0,LOW,"factoryId 被使用 2 次，无可疑模式"
scheduling,SchedulingExecuteTool.java,backend/java/cretas-api/src/main/java/com/cretas/aims/ai/tool/impl/scheduling/SchedulingExecuteTool.java,true,true,true,1,0,LOW,"factoryId 被使用 1 次，无可疑模式"
scheduling,SchedulingListTool.java,backend/java/cretas-api/src/main/java/com/cretas/aims/ai/tool/impl/scheduling/SchedulingListTool.java,true,true,true,2,0,LOW,"factoryId 被使用 2 次，无可疑模式"
scheduling,SchedulingModeChangeTool.java,backend/java/cretas-api/src/main/java/com/cretas/aims/ai/tool/impl/scheduling/SchedulingModeChangeTool.java,true,true,true,3,0,LOW,"factoryId 被使用 3 次，无可疑模式"
system,SchedulingSetAutoTool.java,backend/java/cretas-api/src/main/java/com/cretas/aims/ai/tool/impl/system/SchedulingSetAutoTool.java,true,true,true,6,0,LOW,"factoryId 被使用 6 次，无可疑模式"
system,SchedulingSetDisabledTool.java,backend/java/cretas-api/src/main/java/com/cretas/aims/ai/tool/impl/system/SchedulingSetDisabledTool.java,true,true,true,6,0,LOW,"factoryId 被使用 6 次，无可疑模式"
system,SchedulingSetManualTool.java,backend/java/cretas-api/src/main/java/com/cretas/aims/ai/tool/impl/system/SchedulingSetManualTool.java,true,true,true,6,0,LOW,"factoryId 被使用 6 次，无可疑模式"
shipment,ShipmentByCustomerTool.java,backend/java/cretas-api/src/main/java/com/cretas/aims/ai/tool/impl/shipment/ShipmentByCustomerTool.java,true,true,true,3,0,LOW,"factoryId 被使用 3 次，无可疑模式"
shipment,ShipmentByDateTool.java,backend/java/cretas-api/src/main/java/com/cretas/aims/ai/tool/impl/shipment/ShipmentByDateTool.java,true,true,true,3,0,LOW,"factoryId 被使用 3 次，无可疑模式"
shipment,ShipmentCancelTool.java,backend/java/cretas-api/src/main/java/com/cretas/aims/ai/tool/impl/shipment/ShipmentCancelTool.java,true,true,true,2,0,LOW,"factoryId 被使用 2 次，无可疑模式"
shipment,ShipmentCompleteTool.java,backend/java/cretas-api/src/main/java/com/cretas/aims/ai/tool/impl/shipment/ShipmentCompleteTool.java,true,true,true,4,0,LOW,"factoryId 被使用 4 次，无可疑模式"
shipment,ShipmentConfirmTool.java,backend/java/cretas-api/src/main/java/com/cretas/aims/ai/tool/impl/shipment/ShipmentConfirmTool.java,true,true,true,4,0,LOW,"factoryId 被使用 4 次，无可疑模式"
shipment,ShipmentCreateTool.java,backend/java/cretas-api/src/main/java/com/cretas/aims/ai/tool/impl/shipment/ShipmentCreateTool.java,true,true,true,2,0,LOW,"factoryId 被使用 2 次，无可疑模式"
shipment,ShipmentNotifyWarehouseTool.java,backend/java/cretas-api/src/main/java/com/cretas/aims/ai/tool/impl/shipment/ShipmentNotifyWarehouseTool.java,true,true,true,3,0,LOW,"factoryId 被使用 3 次，无可疑模式"
shipment,ShipmentQueryTool.java,backend/java/cretas-api/src/main/java/com/cretas/aims/ai/tool/impl/shipment/ShipmentQueryTool.java,true,true,true,7,0,LOW,"factoryId 被使用 7 次，无可疑模式"
shipment,ShipmentStatsQueryTool.java,backend/java/cretas-api/src/main/java/com/cretas/aims/ai/tool/impl/shipment/ShipmentStatsQueryTool.java,true,true,true,9,0,LOW,"factoryId 被使用 9 次，无可疑模式"
shipment,ShipmentStatusUpdateTool.java,backend/java/cretas-api/src/main/java/com/cretas/aims/ai/tool/impl/shipment/ShipmentStatusUpdateTool.java,true,true,true,2,0,LOW,"factoryId 被使用 2 次，无可疑模式"
shipment,ShipmentUpdateTool.java,backend/java/cretas-api/src/main/java/com/cretas/aims/ai/tool/impl/shipment/ShipmentUpdateTool.java,true,true,true,2,0,LOW,"factoryId 被使用 2 次，无可疑模式"
material,SkuAssembleTool.java,backend/java/cretas-api/src/main/java/com/cretas/aims/ai/tool/impl/material/SkuAssembleTool.java,true,true,true,3,0,LOW,"factoryId 被使用 3 次，无可疑模式"
sop,SkuUpdateComplexityTool.java,backend/java/cretas-api/src/main/java/com/cretas/aims/ai/tool/impl/sop/SkuUpdateComplexityTool.java,true,true,true,5,0,LOW,"factoryId 被使用 5 次，无可疑模式"
sop,SopAnalyzeComplexityTool.java,backend/java/cretas-api/src/main/java/com/cretas/aims/ai/tool/impl/sop/SopAnalyzeComplexityTool.java,true,true,true,2,0,LOW,"factoryId 被使用 2 次，无可疑模式"
sop,SopParseDocumentTool.java,backend/java/cretas-api/src/main/java/com/cretas/aims/ai/tool/impl/sop/SopParseDocumentTool.java,true,true,true,2,0,LOW,"factoryId 被使用 2 次，无可疑模式"
crm,SupplierActiveTool.java,backend/java/cretas-api/src/main/java/com/cretas/aims/ai/tool/impl/crm/SupplierActiveTool.java,true,true,true,2,0,LOW,"factoryId 被使用 2 次，无可疑模式"
crm,SupplierByCategoryTool.java,backend/java/cretas-api/src/main/java/com/cretas/aims/ai/tool/impl/crm/SupplierByCategoryTool.java,true,true,true,3,0,LOW,"factoryId 被使用 3 次，无可疑模式"
crm,SupplierCreateTool.java,backend/java/cretas-api/src/main/java/com/cretas/aims/ai/tool/impl/crm/SupplierCreateTool.java,true,true,true,2,0,LOW,"factoryId 被使用 2 次，无可疑模式"
crm,SupplierDeleteTool.java,backend/java/cretas-api/src/main/java/com/cretas/aims/ai/tool/impl/crm/SupplierDeleteTool.java,true,true,true,2,0,LOW,"factoryId 被使用 2 次，无可疑模式"
crm,SupplierEvaluateTool.java,backend/java/cretas-api/src/main/java/com/cretas/aims/ai/tool/impl/crm/SupplierEvaluateTool.java,true,true,true,2,0,LOW,"factoryId 被使用 2 次，无可疑模式"
crm,SupplierListTool.java,backend/java/cretas-api/src/main/java/com/cretas/aims/ai/tool/impl/crm/SupplierListTool.java,true,true,true,2,0,LOW,"factoryId 被使用 2 次，无可疑模式"
crm,SupplierPriceComparisonTool.java,backend/java/cretas-api/src/main/java/com/cretas/aims/ai/tool/impl/crm/SupplierPriceComparisonTool.java,true,true,true,2,0,LOW,"factoryId 被使用 2 次，无可疑模式"
crm,SupplierRankingTool.java,backend/java/cretas-api/src/main/java/com/cretas/aims/ai/tool/impl/crm/SupplierRankingTool.java,true,true,true,3,0,LOW,"factoryId 被使用 3 次，无可疑模式"
crm,SupplierSearchTool.java,backend/java/cretas-api/src/main/java/com/cretas/aims/ai/tool/impl/crm/SupplierSearchTool.java,true,true,true,2,0,LOW,"factoryId 被使用 2 次，无可疑模式"
system,SwitchFactoryTool.java,backend/java/cretas-api/src/main/java/com/cretas/aims/ai/tool/impl/system/SwitchFactoryTool.java,true,true,true,2,0,LOW,"factoryId 被使用 2 次，无可疑模式"
system,SystemFeedbackTool.java,backend/java/cretas-api/src/main/java/com/cretas/aims/ai/tool/impl/system/SystemFeedbackTool.java,true,true,true,1,0,LOW,"factoryId 被使用 1 次，无可疑模式"
system,SystemGoBackTool.java,backend/java/cretas-api/src/main/java/com/cretas/aims/ai/tool/impl/system/SystemGoBackTool.java,true,true,true,1,0,LOW,"factoryId 被使用 1 次，无可疑模式"
system,SystemHelpTool.java,backend/java/cretas-api/src/main/java/com/cretas/aims/ai/tool/impl/system/SystemHelpTool.java,true,true,true,1,0,LOW,"factoryId 被使用 1 次，无可疑模式"
system,SystemNotificationSettingsTool.java,backend/java/cretas-api/src/main/java/com/cretas/aims/ai/tool/impl/system/SystemNotificationSettingsTool.java,true,true,true,1,0,LOW,"factoryId 被使用 1 次，无可疑模式"
system,SystemSettingsTool.java,backend/java/cretas-api/src/main/java/com/cretas/aims/ai/tool/impl/system/SystemSettingsTool.java,true,true,true,1,0,LOW,"factoryId 被使用 1 次，无可疑模式"
system,TodoListTool.java,backend/java/cretas-api/src/main/java/com/cretas/aims/ai/tool/impl/system/TodoListTool.java,true,true,true,7,0,LOW,"factoryId 被使用 7 次，无可疑模式"
governance,ToolPatternDiscoveryTool.java,backend/java/cretas-api/src/main/java/com/cretas/aims/ai/tool/impl/governance/ToolPatternDiscoveryTool.java,true,true,true,3,0,LOW,"factoryId 被使用 3 次，无可疑模式"
shipment,TraceBatchTool.java,backend/java/cretas-api/src/main/java/com/cretas/aims/ai/tool/impl/shipment/TraceBatchTool.java,true,true,true,2,0,LOW,"factoryId 被使用 2 次，无可疑模式"
shipment,TraceFullTool.java,backend/java/cretas-api/src/main/java/com/cretas/aims/ai/tool/impl/shipment/TraceFullTool.java,true,true,true,2,0,LOW,"factoryId 被使用 2 次，无可疑模式"
dataop,TraceGenerateTool.java,backend/java/cretas-api/src/main/java/com/cretas/aims/ai/tool/impl/dataop/TraceGenerateTool.java,true,true,true,6,0,LOW,"factoryId 被使用 6 次，无可疑模式"
transfer,TransferApproveTool.java,backend/java/cretas-api/src/main/java/com/cretas/aims/ai/tool/impl/transfer/TransferApproveTool.java,true,true,true,9,0,LOW,"factoryId 被使用 9 次，无可疑模式"
transfer,TransferCreateTool.java,backend/java/cretas-api/src/main/java/com/cretas/aims/ai/tool/impl/transfer/TransferCreateTool.java,true,true,true,2,0,LOW,"factoryId 被使用 2 次，无可疑模式"
transfer,TransferDetailTool.java,backend/java/cretas-api/src/main/java/com/cretas/aims/ai/tool/impl/transfer/TransferDetailTool.java,true,true,true,1,0,LOW,"factoryId 被使用 1 次，无可疑模式"
transfer,TransferListTool.java,backend/java/cretas-api/src/main/java/com/cretas/aims/ai/tool/impl/transfer/TransferListTool.java,true,true,true,1,0,LOW,"factoryId 被使用 1 次，无可疑模式"
transfer,TransferStatsTool.java,backend/java/cretas-api/src/main/java/com/cretas/aims/ai/tool/impl/transfer/TransferStatsTool.java,true,true,true,1,0,LOW,"factoryId 被使用 1 次，无可疑模式"
user,UserCreateTool.java,backend/java/cretas-api/src/main/java/com/cretas/aims/ai/tool/impl/user/UserCreateTool.java,true,true,true,2,0,LOW,"factoryId 被使用 2 次，无可疑模式"
user,UserDisableTool.java,backend/java/cretas-api/src/main/java/com/cretas/aims/ai/tool/impl/user/UserDisableTool.java,true,true,true,3,0,LOW,"factoryId 被使用 3 次，无可疑模式"
user,UserRoleAssignTool.java,backend/java/cretas-api/src/main/java/com/cretas/aims/ai/tool/impl/user/UserRoleAssignTool.java,true,true,true,2,0,LOW,"factoryId 被使用 2 次，无可疑模式"
hr,WorkerArrivalConfirmTool.java,backend/java/cretas-api/src/main/java/com/cretas/aims/ai/tool/impl/hr/WorkerArrivalConfirmTool.java,true,true,true,2,0,LOW,"factoryId 被使用 2 次，无可疑模式"
dataop,WorkerRealtimeCountTool.java,backend/java/cretas-api/src/main/java/com/cretas/aims/ai/tool/impl/dataop/WorkerRealtimeCountTool.java,true,true,true,4,0,LOW,"factoryId 被使用 4 次，无可疑模式"
workreport,WorkReportDailySummaryTool.java,backend/java/cretas-api/src/main/java/com/cretas/aims/ai/tool/impl/workreport/WorkReportDailySummaryTool.java,true,true,true,5,0,LOW,"factoryId 被使用 5 次，无可疑模式"
workreport,WorkReportHoursTool.java,backend/java/cretas-api/src/main/java/com/cretas/aims/ai/tool/impl/workreport/WorkReportHoursTool.java,true,true,true,3,0,LOW,"factoryId 被使用 3 次，无可疑模式"
workreport,WorkReportProgressTool.java,backend/java/cretas-api/src/main/java/com/cretas/aims/ai/tool/impl/workreport/WorkReportProgressTool.java,true,true,true,3,0,LOW,"factoryId 被使用 3 次，无可疑模式"
system,SendWechatNotificationTool.java,backend/java/cretas-api/src/main/java/com/cretas/aims/ai/tool/impl/system/SendWechatNotificationTool.java,true,false,false,0,0,EXEMPT,"已声明 factoryId 隔离豁免（白名单）"
governance,SkillComposeTool.java,backend/java/cretas-api/src/main/java/com/cretas/aims/ai/tool/impl/governance/SkillComposeTool.java,true,false,false,0,0,EXEMPT,"已声明 factoryId 隔离豁免（白名单）"
governance,SkillManageTool.java,backend/java/cretas-api/src/main/java/com/cretas/aims/ai/tool/impl/governance/SkillManageTool.java,true,false,false,0,0,EXEMPT,"已声明 factoryId 隔离豁免（白名单）"
canvas,SplitOrderTool.java,backend/java/cretas-api/src/main/java/com/cretas/aims/ai/tool/impl/canvas/SplitOrderTool.java,true,false,false,0,0,EXEMPT,"已声明 factoryId 隔离豁免（白名单）"
root,CreateIntentTool.java,backend/java/cretas-api/src/main/java/com/cretas/aims/ai/tool/impl/CreateIntentTool.java,false,false,false,2,0,NON_BUSINESS_W_FACTORY,"不是 AbstractBusinessTool 子类（可能是工具/查询类）"
dictionary,DictionaryAddTool.java,backend/java/cretas-api/src/main/java/com/cretas/aims/ai/tool/impl/dictionary/DictionaryAddTool.java,false,false,false,7,0,NON_BUSINESS_W_FACTORY,"不是 AbstractBusinessTool 子类（可能是工具/查询类）"
dictionary,DictionaryBatchImportTool.java,backend/java/cretas-api/src/main/java/com/cretas/aims/ai/tool/impl/dictionary/DictionaryBatchImportTool.java,false,false,false,6,0,NON_BUSINESS_W_FACTORY,"不是 AbstractBusinessTool 子类（可能是工具/查询类）"
dictionary,DictionaryListTool.java,backend/java/cretas-api/src/main/java/com/cretas/aims/ai/tool/impl/dictionary/DictionaryListTool.java,false,false,false,5,0,NON_BUSINESS_W_FACTORY,"不是 AbstractBusinessTool 子类（可能是工具/查询类）"
root,TestIntentMatchingTool.java,backend/java/cretas-api/src/main/java/com/cretas/aims/ai/tool/impl/TestIntentMatchingTool.java,false,false,false,7,0,NON_BUSINESS_W_FACTORY,"不是 AbstractBusinessTool 子类（可能是工具/查询类）"
root,UpdateIntentTool.java,backend/java/cretas-api/src/main/java/com/cretas/aims/ai/tool/impl/UpdateIntentTool.java,false,false,false,2,0,NON_BUSINESS_W_FACTORY,"不是 AbstractBusinessTool 子类（可能是工具/查询类）"
root,QueryDroolsRuleTool.java,backend/java/cretas-api/src/main/java/com/cretas/aims/ai/tool/impl/QueryDroolsRuleTool.java,false,false,false,0,0,NON_BUSINESS,"不是 AbstractBusinessTool 子类（可能是工具/查询类）"
root,QueryEntitySchemaTool.java,backend/java/cretas-api/src/main/java/com/cretas/aims/ai/tool/impl/QueryEntitySchemaTool.java,false,false,false,0,0,NON_BUSINESS,"不是 AbstractBusinessTool 子类（可能是工具/查询类）"