项　　　  　目,行次,2025-01-01T00:00:00_预算数,本月实际,2025-02-01T00:00:00_预算数,本月实际_1,2025-03-01T00:00:00_预算数,本月实际_2,2025-04-01T00:00:00_预算数,本月实际_3,2025-05-01T00:00:00_预算数,本月实际_4,2025-06-01T00:00:00_预算数,本月实际_5,2025-07-01T00:00:00_预算数,本月实际_6,2025-08-01T00:00:00_预算数,本月实际_7,2025-09-01T00:00:00_预算数,本月实际_8,2025-10-01T00:00:00_预算数,本月实际_9,2025-11-01T00:00:00_预算数,本月实际_10,2025-12-01T00:00:00_预算数,本月实际_11,2025年合计_预算数,本年实际,2025年合计逆向验证_实际数,2025年合计逆向验证_预算数,本月实际_12,检验结果_预算数,本月实际_13
一、营业收入,1,406870.56000000006,759268.0584000001,570273.48,437482.2312,839721.6000000001,453887.65799999994,1109049.84,650478.4272,901507.3200000001,389385.9324000001,1048111.92,584672.742,971710.56,306804.2076,1022894.5900000001,534860.9064000001,1435345.6700000002,576805.5792,1001275.9900000001,428556.91680000006,1164901.07,449608.78440000006,1749435.36,622597.8492,12221097.96,6194409.292800001,,12221097.96,6194409.292800001,0.0,0
中式汤底,,0.0,114679.3032,0.0,32559.4836,0.0,37810.3464,0.0,69512.0724,0.0,73617.89760000001,0.0,97379.2044,0.0,42225.0948,0.0,102243.5136,0.0,105469.80840000001,0.0,66283.812,0.0,108013.3488,0.0,88568.3808,0.0,938362.2660000001,1.08,0.0,938362.2660000001,0.0,0
酱料,,0.0,505738.98720000003,0.0,359658.2844,0.0,381913.9632,0.0,521413.4376,0.0,282846.8376,0.0,433412.13240000006,0.0,229499.082,0.0,381327.89040000003,0.0,414793.46160000004,0.0,284676.5196,0.0,293175.0936,0.0,463933.0188,0.0,4552388.7084,,0.0,4552388.7084,0.0,0
川味底料,,0.0,135925.1712,0.0,44834.3748,0.0,29160.9396,0.0,58727.1492,0.0,31269.661200000002,0.0,47292.4548,0.0,32793.8652,0.0,46090.20960000001,0.0,53977.0716,0.0,76679.06040000002,0.0,42274.8504,0.0,69637.6872,0.0,668662.4952000001,,0.0,668662.4952000001,0.0,0
调味汁,,0.0,0.0,0.0,0.0,0.0,4268.3868,0.0,0.0,0.0,0.0,0.0,227.4696,0.0,1873.2816,0.0,0.0,0.0,883.1160000000001,0.0,0.0,0.0,1592.2872,0.0,0.0,0.0,8844.541200000001,,0.0,8844.541200000001,0.0,0
复合调味粉,,0.0,2924.5968000000003,0.0,430.08840000000004,0.0,734.022,0.0,825.768,0.0,1651.536,0.0,6361.4808,0.0,412.884,0.0,5199.2928,0.0,1682.1216000000002,0.0,917.5248,0.0,4553.2044000000005,0.0,458.7624,0.0,26151.282,,0.0,26151.282,0.0,0
团餐,,0.0,0.0,0.0,0.0,0.0,0.0,0.0,0.0,0.0,0.0,0.0,0.0,0.0,0.0,0.0,0.0,0.0,0.0,0.0,0.0,0.0,0.0,0.0,0.0,0.0,0.0,,0.0,0.0,0.0,0
预制菜,,0.0,0.0,0.0,0.0,0.0,0.0,0.0,0.0,0.0,0.0,0.0,0.0,0.0,0.0,0.0,0.0,0.0,0.0,0.0,0.0,0.0,0.0,0.0,0.0,0.0,0.0,,0.0,0.0,0.0,0
返利,,,,,,,,,,,,,,,,2145.29,,818.89,,332.21,,455.65,,750.0,,4502.04,0.0,,4502.04,0.0,,
其他,,406870.56000000006,0.0,570273.48,0.0,839721.6000000001,0.0,1109049.84,0.0,901507.3200000001,0.0,1048111.92,0.0,971710.56,0.0,1025039.8800000001,0.0,1436164.56,0.0,1001608.2000000001,0.0,1165356.72,0.0,1750185.36,0.0,12225600.0,0.0,,12225600.0,0.0,0.0,0
减：营业成本,2,377445.22000000003,634291.6758,524440.3852,385698.226,757092.4328000001,430283.5448,974803.9289999999,573907.908,806509.4698,322701.34180000005,923267.0610000001,484996.6370000001,867333.4734,244551.4392,906683.5792,442661.77320000005,1242285.3683999998,463393.9384,893589.6410000001,343405.0152,1014789.7936000001,353736.1542,1491749.424,494789.6451999999,10779989.7774,5174417.2988,,10779989.7774,5174417.2988,0.0,0
中式汤底,,0.0,71551.368,0.0,19844.2122,0.0,25189.104000000003,0.0,38110.871999999996,0.0,49034.511000000006,0.0,67332.00540000001,0.0,25338.228000000003,0.0,64902.6612,0.0,61692.3948,0.0,40409.605200000005,0.0,64179.246600000006,0.0,51746.5584,0.0,579330.7668,1.02,0.0,579330.7668,0.0,0
酱料,,0.0,446019.3372,0.0,329947.5498,0.0,374389.827,0.0,483783.96,0.0,258583.6272,0.0,395832.6954,0.0,196017.5616,0.0,331673.9202,0.0,361620.63060000003,0.0,247547.2476,0.0,253415.57280000002,0.0,391646.4828,0.0,4070478.4122,,0.0,4070478.4122,0.0,0
川味底料,,0.0,104503.68179999999,0.0,31088.4576,0.0,22354.9932,0.0,42781.095,0.0,23828.373000000003,0.0,33440.445,0.0,25471.695,0.0,39968.893800000005,0.0,40341.2142,0.0,57375.2652,0.0,34719.616799999996,0.0,53877.7668,0.0,509751.4974,,0.0,509751.4974,0.0,0
调味汁,,0.0,0.0,0.0,0.0,0.0,3087.54,0.0,0.0,0.0,0.0,0.0,194.51399999999998,0.0,1242.4823999999999,0.0,0.0,0.0,595.1802,0.0,0.0,0.0,1356.1002,0.0,0.0,0.0,6475.8168,,0.0,6475.8168,0.0,0
复合调味粉,,0.0,1671.2088,0.0,219.6264,0.0,513.6006,0.0,498.831,0.0,998.9879999999999,0.0,3952.3572000000004,0.0,248.115,0.0,3128.9010000000003,0.0,977.3844,0.0,613.2852,0.0,2763.4860000000003,0.0,299.2986,0.0,15885.082200000003,,0.0,15885.082200000003,0.0,0
团餐,,0.0,0.0,0.0,0.0,0.0,0.0,0.0,0.0,0.0,0.0,0.0,0.0,0.0,0.0,0.0,0.0,0.0,0.0,0.0,0.0,0.0,0.0,0.0,0.0,0.0,0.0,,0.0,0.0,0.0,0
预制菜,,0.0,0.0,0.0,0.0,0.0,0.0,0.0,0.0,0.0,0.0,0.0,0.0,0.0,0.0,0.0,0.0,0.0,0.0,0.0,0.0,0.0,0.0,0.0,0.0,0.0,0.0,,0.0,0.0,0.0,0
其他,,372170.97000000003,0.0,517047.9552,0.0,746207.1528,0.0,960427.3589999999,0.0,794823.2598,-15111.6774,909680.4210000001,-21347.07,854737.2234,-9364.7628,893396.0292,-6006.423,1223668.4183999998,-10857.175800000003,880605.831,-8758.638,999683.3136000001,-9887.2782,1469061.834,-12087.5814,10621509.7674,-93420.60660000001,,10621509.7674,-93420.60660000001,0.0,0
运费,,5274.25,10546.08,7392.43,4598.38,10885.28,4748.48,14376.57,8733.15,11686.21,5367.52,13586.64,5591.69,12596.25,5598.12,13287.55,8993.82,18616.95,9024.31,12983.81,6218.25,15106.48,7189.41,22687.59,9307.12,158480.01,85916.33,,158480.01,85916.33,0.0,0
毛利,3,29425.340000000026,124976.38260000013,45833.09479999996,51784.005199999956,82629.16720000003,23604.113199999963,134245.9110000002,76570.51919999998,94997.8502000001,66684.59060000005,124844.85899999994,99676.10499999986,104377.08660000004,62252.76840000003,116211.01080000005,92199.13320000004,193060.30160000036,113411.64080000005,107686.34900000005,85151.90160000004,150111.27639999997,95872.63020000007,257685.936,127808.20400000014,1441108.1826000006,1019991.9940000002,,1441108.1826000006,1019991.9940000002,0.0,0
毛利率,4,0.07232113328622258,0.1646011329165643,0.08037037738454884,0.11836824791251079,0.09840066898362507,0.05200430719797181,0.12104587743324519,0.11771415622436492,0.10537668202183882,0.1712557774981396,0.11911405320149392,0.1704818744568733,0.10741581999479355,0.20290715335026593,0.1136099574052885,0.17237964505681813,0.13450439544642953,0.19662022159580395,0.10754911740168666,0.19869449835466996,0.12886182377701821,0.2132356696009431,0.14729663175437357,0.2052821161592926,0.11791969815779142,0.16466331909736348,,0.11791969815779142,0.16466331909736348,0.0,0
税金及附加,5,3865.27,7213.05,5417.6,4156.08,7977.36,4311.93,10535.97,6179.55,8564.32,3699.17,9957.06,5554.39,9231.25,2914.64,9016.56,5081.18,12632.93,5479.65,8810.44,4071.29,10250.82,4271.28,15395.15,5914.68,111654.72999999998,58846.89,,111654.72999999998,58846.89,0.0,0
销售费用,6,52416.009999999995,38858.51,44173.71000000001,25985.989999999998,61053.14,35833.16999999999,53128.21000000001,36849.04999999999,51680.770000000004,27283.97999999999,52980.03,33679.33,54351.93000000001,28412.749999999996,56514.94,28661.590000000004,61851.3,42646.73,56966.5,29124.950000000004,58611.09000000001,30893.499999999993,68509.76000000002,7755.490000000002,672237.39,365985.04,,672237.39,365985.04,0.0,0
职工薪酬,,32656.21,22027.129999999997,24813.91,9883.0,30983.34,9064.5,33768.41,10380.5,32320.97,7671.5,33620.229999999996,10887.5,34992.130000000005,5165.5,37155.14,7127.5,42491.5,6993.5,37206.7,7091.5,39251.29,6464.5,49149.96,-16812.5,428409.79000000004,85944.13,,428409.79000000004,85944.13,0.0,0
工资,,13331.0,9847.13,13331.0,7300.0,13331.0,7165.5,13331.0,7165.5,13331.0,7165.5,13331.0,7165.5,13331.0,5165.5,13331.0,6165.5,13331.0,6165.5,13331.0,6165.5,13331.0,6165.5,13331.0,6165.5,159972.0,81802.13,,159972.0,81802.13,0.0,0
奖金及提成,,19325.21,12180.0,11482.91,2583.0,17652.34,1899.0,20437.41,3215.0,18989.97,506.0,20289.23,3722.0,21661.13,0.0,23824.14,962.0,29160.5,828.0,23875.7,926.0,25920.29,299.0,35818.96,-22978.0,268437.79000000004,4142.0,,268437.79000000004,4142.0,0.0,0
社保,,2516.8,2425.24,2516.8,1212.62,2516.8,1212.62,2516.8,1212.62,2516.8,1212.62,2516.8,1212.62,2516.8,1212.62,2516.8,1212.62,2516.8,1488.95,2516.8,1256.47,2516.8,1256.47,2516.8,1256.47,30201.599999999995,16171.939999999997,,30201.599999999995,16171.939999999997,0.0,0
养老,,1560.0,1539.84,1560.0,769.92,1560.0,769.92,1560.0,769.92,1560.0,769.92,1560.0,769.92,1560.0,769.92,1560.0,769.92,1560.0,1020.48,1560.0,797.76,1560.0,797.76,1560.0,797.76,18720.0,10343.04,,18720.0,10343.04,0.0,0
医疗,,832.0,818.04,832.0,409.02,832.0,409.02,832.0,409.02,832.0,409.02,832.0,409.02,832.0,409.02,832.0,409.02,832.0,423.81,832.0,423.81,832.0,423.81,832.0,423.81,9984.0,5376.420000000001,,9984.0,5376.420000000001,0.0,0
工伤,,20.8,19.24,20.8,9.62,20.8,9.62,20.8,9.62,20.8,9.62,20.8,9.62,20.8,9.62,20.8,9.62,20.8,12.77,20.8,9.97,20.8,9.97,20.8,9.97,249.60000000000005,129.26,,249.60000000000005,129.26,0.0,0
失业,,52.0,48.12,52.0,24.06,52.0,24.06,52.0,24.06,52.0,24.06,52.0,24.06,52.0,24.06,52.0,24.06,52.0,31.89,52.0,24.93,52.0,24.93,52.0,24.93,624.0,323.22,,624.0,323.22,0.0,0
生育,,52.0,0.0,52.0,0.0,52.0,0.0,52.0,0.0,52.0,0.0,52.0,0.0,52.0,0.0,52.0,0.0,52.0,0.0,52.0,0.0,52.0,0.0,52.0,0.0,624.0,0.0,,624.0,0.0,0.0,0
公积金,,538.0,538.0,538.0,269.0,538.0,269.0,538.0,269.0,538.0,269.0,538.0,269.0,538.0,269.0,538.0,269.0,538.0,269.0,538.0,269.0,538.0,269.0,538.0,269.0,6456.0,3497.0,,6456.0,3497.0,0.0,0
工会经费,,,0.0,,0.0,,0.0,,0.0,,0.0,,0.0,,0.0,,0.0,,0.0,,0.0,,0.0,,0.0,0.0,0.0,,0.0,0.0,0.0,0
职工教育经费,,,,,0.0,,0.0,,0.0,,0.0,,0.0,,0.0,,0.0,,0.0,,0.0,,0.0,,0.0,0.0,0.0,,0.0,0.0,0.0,0
福利费,,400.0,400.0,0.0,0.0,110.0,0.0,0.0,0.0,0.0,0.0,0.0,0.0,0.0,0.0,0.0,0.0,0.0,400.0,400.0,0.0,0.0,0.0,0.0,0.0,910.0,800.0,,910.0,800.0,0.0,0
职工房租,,,0.0,,,,,,0.0,,,,,,,,,,0.0,,,,,,,0.0,0.0,,0.0,0.0,0.0,0
水电物业费,,,0.0,,,,,,0.0,,,,,,,,,,0.0,,,,,,,0.0,0.0,,0.0,0.0,0.0,0
员工餐,,,0.0,,,,,,0.0,,,,,,,,,,0.0,,,,,,,0.0,0.0,,0.0,0.0,0.0,0
节日礼品,,400.0,400.0,,,,,,0.0,,,,,,,,,,400.0,400.0,,,,,,800.0,800.0,,800.0,800.0,0.0,0
生日礼品,,,0.0,,,110.0,,,0.0,,,,,,,,,,0.0,,,,,,,110.0,0.0,,110.0,0.0,0.0,0
体检,,,0.0,,,,,,0.0,,,,,,,,,,0.0,,,,,,,0.0,0.0,,0.0,0.0,0.0,0
其他福利支出,,,0.0,,,,,,0.0,,,,,,,,,,0.0,,,,,,,0.0,0.0,,0.0,0.0,0.0,0
招聘费,,,0.0,,,,,,0.0,,,,,,,,,,0.0,,,,,,,0.0,0.0,,0.0,0.0,0.0,0
办公费,,,0.0,,,,,,0.0,,,,,,,,,,0.0,,,,,,,0.0,0.0,,0.0,0.0,0.0,0
市内交通费,,,0.0,,,,,,0.0,,,,,,,,,,0.0,,,,,,,0.0,0.0,,0.0,0.0,0.0,0
差旅费,,11880.0,4687.74,11880.0,7114.860000000001,11880.0,13037.12,11880.0,11303.02,11880.0,9392.949999999999,11880.0,13162.39,11880.0,12244.27,11880.0,11397.11,11880.0,12706.6,11880.0,11532.18,11880.0,14068.289999999999,11880.0,14708.689999999999,142560.0,135355.22,,142560.0,135355.22,0.0,0
交通费,,2500.0,807.76,2500.0,1281.38,2500.0,3035.65,2500.0,2554.11,2500.0,674.35,2500.0,2151.3,2500.0,1832.12,2500.0,573.13,2500.0,798.27,2500.0,332.1,2500.0,1415.31,2500.0,865.38,30000.0,16320.86,,30000.0,16320.86,0.0,0
住宿费,,6240.0,2019.98,6240.0,3503.48,6240.0,5666.47,6240.0,4398.91,6240.0,4460.2,6240.0,6393.73,6240.0,6077.15,6240.0,6200.78,6240.0,7198.33,6240.0,6850.08,6240.0,8035.98,6240.0,9001.31,74880.0,69806.4,,74880.0,69806.4,0.0,0
餐补,,2340.0,1260.0,2340.0,1530.0,2340.0,3225.0,2340.0,3150.0,2340.0,3060.0,2340.0,3420.0,2340.0,3135.0,2340.0,3425.0,2340.0,3510.0,2340.0,3150.0,2340.0,3420.0,2340.0,3645.0,28080.0,35930.0,,28080.0,35930.0,0.0,0
交通补助,,600.0,450.0,600.0,600.0,600.0,810.0,600.0,900.0,600.0,900.0,600.0,897.36,600.0,900.0,600.0,900.0,600.0,900.0,600.0,900.0,600.0,900.0,600.0,900.0,7200.0,9957.36,,7200.0,9957.36,0.0,0
通讯补助,,200.0,150.0,200.0,200.0,200.0,300.0,200.0,300.0,200.0,298.4,200.0,300.0,200.0,300.0,200.0,298.2,200.0,300.0,200.0,300.0,200.0,297.0,200.0,297.0,2400.0,3340.6,,2400.0,3340.6,0.0,0
招待费,,833.33,1060.0,833.33,0.0,8833.33,0.0,833.33,0.0,833.33,0.0,833.33,0.0,833.33,0.0,833.33,0.0,833.33,3579.59,833.33,406.0,833.33,0.0,833.37,0.0,18000.0,5045.59,,18000.0,5045.59,0.0,0
通讯费,,,0.0,,0.0,,0.0,,0.0,,0.0,,0.0,,0.0,,0.0,,0.0,,0.0,,0.0,,0.0,0.0,0.0,,0.0,0.0,0.0,0
网络费,,,0.0,,0.0,,0.0,,0.0,,0.0,,0.0,,0.0,,0.0,,0.0,,0.0,,0.0,,0.0,0.0,0.0,,0.0,0.0,0.0,0
修理费,,,0.0,,0.0,,0.0,,0.0,,0.0,,0.0,,0.0,,0.0,,0.0,,0.0,,0.0,,0.0,0.0,0.0,,0.0,0.0,0.0,0
车辆费,,,0.0,,0.0,,0.0,,0.0,,0.0,,0.0,,0.0,,0.0,,0.0,,0.0,,0.0,,0.0,0.0,0.0,,0.0,0.0,0.0,0
租赁费,,,0.0,,0.0,,0.0,,0.0,,0.0,,0.0,,0.0,,0.0,,0.0,,0.0,,0.0,,0.0,0.0,0.0,,0.0,0.0,0.0,0
能源费,,0.0,0.0,0.0,0.0,0.0,0.0,0.0,0.0,0.0,0.0,0.0,0.0,0.0,0.0,0.0,0.0,0.0,0.0,0.0,0.0,0.0,0.0,0.0,0.0,0.0,0.0,,0.0,0.0,0.0,0
水费,,,0.0,,0.0,,0.0,,0.0,,0.0,,0.0,,0.0,,0.0,,0.0,,0.0,,0.0,,0.0,0.0,0.0,,0.0,0.0,0.0,0
电费,,,0.0,,0.0,,0.0,,0.0,,0.0,,0.0,,0.0,,0.0,,0.0,,0.0,,0.0,,0.0,0.0,0.0,,0.0,0.0,0.0,0
燃气费,,,0.0,,0.0,,0.0,,0.0,,0.0,,0.0,,0.0,,0.0,,0.0,,0.0,,0.0,,0.0,0.0,0.0,,0.0,0.0,0.0,0
蒸汽费,,,0.0,,0.0,,0.0,,0.0,,0.0,,0.0,,0.0,,0.0,,0.0,,0.0,,0.0,,0.0,0.0,0.0,,0.0,0.0,0.0,0
物业费,,,0.0,,0.0,,0.0,,0.0,,0.0,,0.0,,0.0,,0.0,,0.0,,0.0,,0.0,,0.0,0.0,0.0,,0.0,0.0,0.0,0
劳动保护费,,,0.0,,0.0,600.0,0.0,,0.0,,0.0,,0.0,,0.0,,0.0,,0.0,,0.0,,0.0,,0.0,600.0,0.0,,600.0,0.0,0.0,0
顾问费,,,0.0,,0.0,,0.0,,0.0,,0.0,,0.0,,0.0,,0.0,,0.0,,0.0,,0.0,,0.0,0.0,0.0,,0.0,0.0,0.0,0
快递费,,375.0,198.77,375.0,190.18,375.0,457.53,375.0,521.71,375.0,398.34,375.0,243.97,375.0,618.23,375.0,357.76,375.0,231.8,375.0,505.37,375.0,458.68,375.0,293.84,4500.0,4476.18,,4500.0,4476.18,0.0,0
诉讼费,,,0.0,,0.0,,0.0,,0.0,,0.0,,0.0,,0.0,,0.0,,0.0,,0.0,,0.0,,0.0,0.0,0.0,,0.0,0.0,0.0,0
会员费,,,0.0,,0.0,,0.0,,0.0,,0.0,,0.0,,0.0,,0.0,,0.0,,0.0,,0.0,,0.0,0.0,0.0,,0.0,0.0,0.0,0
广告宣传费,,,0.0,,0.0,,0.0,,0.0,,0.0,,0.0,,0.0,,0.0,,0.0,,80.0,,0.0,,0.0,0.0,80.0,,0.0,80.0,0.0,0
会务费,,,0.0,,0.0,,0.0,,0.0,,0.0,,0.0,,0.0,,0.0,,3809.93,,-98.5,,0.0,,0.0,0.0,3711.43,,0.0,3711.43,0.0,0
装修费,,,0.0,,0.0,,0.0,,0.0,,0.0,,0.0,,0.0,,0.0,,0.0,,0.0,,0.0,,0.0,0.0,0.0,,0.0,0.0,0.0,0
推广费,,416.67,0.0,416.67,0.0,416.67,0.0,416.67,0.0,416.67,0.0,416.67,0.0,416.67,0.0,416.67,0.0,416.67,0.0,416.67,0.0,416.67,0.0,416.63,0.0,5000.0,0.0,,5000.0,0.0,0.0,0
展会费,,,0.0,,0.0,,168.14,,0.0,,0.0,,0.0,,0.0,,0.0,,990.09,,0.0,,0.0,,0.0,0.0,1158.23,,0.0,1158.23,0.0,0
设计费,,,0.0,,0.0,,0.0,,0.0,,0.0,,0.0,,0.0,,0.0,,0.0,,0.0,,0.0,,0.0,0.0,0.0,,0.0,0.0,0.0,0
折旧费,,,0.0,,0.0,,0.0,,0.0,,0.0,,0.0,,0.0,,0.0,,0.0,,0.0,,0.0,,0.0,0.0,0.0,,0.0,0.0,0.0,0
认证费,,,0.0,,0.0,,0.0,,0.0,,0.0,,0.0,,0.0,,0.0,,0.0,,0.0,,0.0,,0.0,0.0,0.0,,0.0,0.0,0.0,0
样品费,,2800.0,750.36,2800.0,1358.5,2800.0,1911.53,2800.0,2229.92,2800.0,2244.78,2800.0,1792.47,2800.0,2785.86,2800.0,2180.33,2800.0,3936.49,2800.0,1965.66,2800.0,2259.29,2800.0,1922.71,33600.0,25337.899999999998,,33600.0,25337.899999999998,0.0,0
劳务费,,,6000.0,0.0,6000.0,0.0,9677.42,,10902.81,0.0,6094.79,0.0,6111.38,0.0,6117.27,0.0,6117.27,0.0,8114.69,0.0,6117.27,0.0,6117.27,0.0,6117.28,0.0,83487.45000000001,,0.0,83487.45000000001,0.0,0
销售佣金,,,0.0,,0.0,,0.0,,0.0,,0.0,,0.0,,0.0,,0.0,,0.0,,0.0,,0.0,,0.0,0.0,0.0,,0.0,0.0,0.0,0
检测费,,,745.0,,-42.17,2000.0,0.0,,0.0,,0.0,,0.0,,0.0,,0.0,,0.0,,0.0,,0.0,,0.0,2000.0,702.83,,2000.0,702.83,0.0,0
质量赔偿,,,0.0,,0.0,,0.0,,0.0,,0.0,,0.0,,0.0,,0.0,,0.0,,0.0,,0.0,,0.0,0.0,0.0,,0.0,0.0,0.0,0
保险费,,,0.0,,0.0,,0.0,,0.0,,0.0,,0.0,,0.0,,0.0,,0.0,,0.0,,0.0,,0.0,0.0,0.0,,0.0,0.0,0.0,0
清洁费,,,0.0,,0.0,,0.0,,0.0,,0.0,,0.0,,0.0,,0.0,,0.0,,0.0,,0.0,,0.0,0.0,0.0,,0.0,0.0,0.0,0
低值易耗品,,,0.0,,0.0,,0.0,,0.0,,0.0,,0.0,,0.0,,0.0,,0.0,,0.0,,0.0,,0.0,0.0,0.0,,0.0,0.0,0.0,0
物料消耗,,,26.27,,0.0,,35.31,,29.47,,0.0,,0.0,,0.0,,0.0,,126.09,,0.0,,0.0,,0.0,0.0,217.14,,0.0,217.14,0.0,0
盘盈盘亏,,,0.0,,0.0,,0.0,,0.0,,0.0,,0.0,,0.0,,0.0,,0.0,,0.0,,0.0,,0.0,0.0,0.0,,0.0,0.0,0.0,0
平台服务费,,,0.0,,0.0,,0.0,,0.0,,0.0,,0.0,,0.0,,0.0,,0.0,,0.0,,0.0,,0.0,0.0,0.0,,0.0,0.0,0.0,0
无形资产摊销,,,0.0,,0.0,,0.0,,0.0,,0.0,,0.0,,0.0,,0.0,,0.0,,0.0,,0.0,,0.0,0.0,0.0,,0.0,0.0,0.0,0
研发材料,,,0.0,,0.0,,0.0,,0.0,,0.0,,0.0,,0.0,,0.0,,0.0,,0.0,,0.0,,0.0,0.0,0.0,,0.0,0.0,0.0,0
项目名称,,,0.0,,0.0,,0.0,,0.0,,0.0,,0.0,,0.0,,0.0,,0.0,,0.0,,0.0,,0.0,0.0,0.0,,0.0,0.0,0.0,0
研发费,,,0.0,,0.0,,0.0,,0.0,,0.0,,0.0,,0.0,,0.0,,0.0,,0.0,,0.0,,0.0,0.0,0.0,,0.0,0.0,0.0,0
残保金,,,0.0,,0.0,,0.0,,0.0,,0.0,,0.0,,0.0,,0.0,,0.0,,0.0,,0.0,,0.0,0.0,0.0,,0.0,0.0,0.0,0
环保费,,,0.0,,0.0,,0.0,,0.0,,0.0,,0.0,,0.0,,0.0,,0.0,,0.0,,0.0,,0.0,0.0,0.0,,0.0,0.0,0.0,0
报废损失,,,0.0,,0.0,,0.0,,0.0,,0.0,,0.0,,0.0,,0.0,,0.0,,0.0,,0.0,,0.0,0.0,0.0,,0.0,0.0,0.0,0
管理费用,7,,,,0.0,,0.0,,0.0,,0.0,,0.0,,0.0,,0.0,,0.0,,0.0,,0.0,,0.0,0.0,0.0,,0.0,0.0,0.0,0
职工薪酬,,,,,0.0,,0.0,,0.0,,0.0,,0.0,,0.0,,0.0,,0.0,,0.0,,0.0,,0.0,0.0,0.0,,0.0,0.0,0.0,0
工资,,,,,0.0,,0.0,,0.0,,0.0,,,,,,,,,,,,,,,0.0,0.0,,0.0,0.0,0.0,0
奖金及提成,,,,,0.0,,0.0,,0.0,,0.0,,,,,,,,,,,,,,,0.0,0.0,,0.0,0.0,0.0,0
社保,,,,,0.0,,0.0,,0.0,,0.0,,0.0,,0.0,,0.0,,0.0,,0.0,,0.0,,0.0,0.0,0.0,,0.0,0.0,0.0,0
养老,,,,,0.0,,0.0,,0.0,,0.0,,,,,,,,,,,,,,,0.0,0.0,,0.0,0.0,0.0,0
医疗,,,,,0.0,,0.0,,0.0,,0.0,,,,,,,,,,,,,,,0.0,0.0,,0.0,0.0,0.0,0
工伤,,,,,0.0,,0.0,,0.0,,0.0,,,,,,,,,,,,,,,0.0,0.0,,0.0,0.0,0.0,0
失业,,,,,0.0,,0.0,,0.0,,0.0,,,,,,,,,,,,,,,0.0,0.0,,0.0,0.0,0.0,0
生育,,,,,0.0,,0.0,,0.0,,0.0,,,,,,,,,,,,,,,0.0,0.0,,0.0,0.0,0.0,0
公积金,,,,,0.0,,0.0,,0.0,,0.0,,,,,,,,,,,,,,,0.0,0.0,,0.0,0.0,0.0,0
工会经费,,,,,0.0,,0.0,,0.0,,0.0,,,,,,,,,,,,,,,0.0,0.0,,0.0,0.0,0.0,0
职工教育经费,,,,,0.0,,0.0,,0.0,,0.0,,,,,,,,,,,,,,,0.0,0.0,,0.0,0.0,0.0,0
福利费,,,,,0.0,,0.0,,0.0,,0.0,,0.0,,0.0,,0.0,,0.0,,0.0,,0.0,,0.0,0.0,0.0,,0.0,0.0,0.0,0
职工房租,,,,,0.0,,0.0,,0.0,,0.0,,,,,,,,,,,,,,,0.0,0.0,,0.0,0.0,0.0,0
水电物业费,,,,,0.0,,0.0,,0.0,,0.0,,,,,,,,,,,,,,,0.0,0.0,,0.0,0.0,0.0,0
员工餐,,,,,0.0,,0.0,,0.0,,0.0,,,,,,,,,,,,,,,0.0,0.0,,0.0,0.0,0.0,0
节日礼品,,,,,0.0,,0.0,,0.0,,0.0,,,,,,,,,,,,,,,0.0,0.0,,0.0,0.0,0.0,0
生日礼品,,,,,0.0,,0.0,,0.0,,0.0,,,,,,,,,,,,,,,0.0,0.0,,0.0,0.0,0.0,0
体检,,,,,0.0,,0.0,,0.0,,0.0,,,,,,,,,,,,,,,0.0,0.0,,0.0,0.0,0.0,0
其他福利支出,,,,,0.0,,0.0,,0.0,,0.0,,,,,,,,,,,,,,,0.0,0.0,,0.0,0.0,0.0,0
招聘费,,,,,0.0,,0.0,,0.0,,0.0,,,,,,,,,,,,,,,0.0,0.0,,0.0,0.0,0.0,0
办公费,,,,,0.0,,0.0,,0.0,,0.0,,,,,,,,,,,,,,,0.0,0.0,,0.0,0.0,0.0,0
市内交通费,,,,,0.0,,0.0,,0.0,,0.0,,,,,,,,,,,,,,,0.0,0.0,,0.0,0.0,0.0,0
差旅费,,,,,0.0,,0.0,,0.0,,0.0,,0.0,,0.0,,0.0,,0.0,,0.0,,0.0,,0.0,0.0,0.0,,0.0,0.0,0.0,0
交通费,,,,,0.0,,0.0,,0.0,,,,,,,,,,,,,,,,,0.0,0.0,,0.0,0.0,0.0,0
住宿费,,,,,0.0,,0.0,,0.0,,,,,,,,,,,,,,,,,0.0,0.0,,0.0,0.0,0.0,0
餐补,,,,,0.0,,0.0,,0.0,,,,,,,,,,,,,,,,,0.0,0.0,,0.0,0.0,0.0,0
交通补助,,,,,0.0,,0.0,,0.0,,0.0,,,,,,,,,,,,,,,0.0,0.0,,0.0,0.0,0.0,0
通讯补助,,,,,0.0,,0.0,,0.0,,0.0,,,,,,,,,,,,,,,0.0,0.0,,0.0,0.0,0.0,0
招待费,,,,,0.0,,0.0,,0.0,,0.0,,,,,,,,,,,,,,,0.0,0.0,,0.0,0.0,0.0,0
通讯费,,,,,0.0,,0.0,,0.0,,0.0,,,,,,,,,,,,,,,0.0,0.0,,0.0,0.0,0.0,0
网络费,,,,,0.0,,0.0,,0.0,,0.0,,,,,,,,,,,,,,,0.0,0.0,,0.0,0.0,0.0,0
修理费,,,,,0.0,,0.0,,0.0,,0.0,,,,,,,,,,,,,,,0.0,0.0,,0.0,0.0,0.0,0
车辆费,,,,,0.0,,0.0,,0.0,,0.0,,,,,,,,,,,,,,,0.0,0.0,,0.0,0.0,0.0,0
租赁费,,,,,0.0,,0.0,,0.0,,0.0,,,,,,,,,,,,,,,0.0,0.0,,0.0,0.0,0.0,0
能源费,,,,,0.0,,0.0,,0.0,,0.0,,0.0,,0.0,,0.0,,0.0,,0.0,,0.0,,0.0,0.0,0.0,,0.0,0.0,0.0,0
水费,,,,,0.0,,0.0,,0.0,,0.0,,,,,,,,,,,,,,,0.0,0.0,,0.0,0.0,0.0,0
电费,,,,,0.0,,0.0,,0.0,,0.0,,,,,,,,,,,,,,,0.0,0.0,,0.0,0.0,0.0,0
燃气费,,,,,0.0,,0.0,,0.0,,0.0,,,,,,,,,,,,,,,0.0,0.0,,0.0,0.0,0.0,0
蒸汽费,,,,,0.0,,0.0,,0.0,,0.0,,,,,,,,,,,,,,,0.0,0.0,,0.0,0.0,0.0,0
物业费,,,,,0.0,,0.0,,0.0,,0.0,,,,,,,,,,,,,,,0.0,0.0,,0.0,0.0,0.0,0
劳动保护费,,,,,0.0,,0.0,,0.0,,0.0,,,,,,,,,,,,,,,0.0,0.0,,0.0,0.0,0.0,0
顾问费,,,,,0.0,,0.0,,0.0,,0.0,,,,,,,,,,,,,,,0.0,0.0,,0.0,0.0,0.0,0
快递费,,,,,,,,,,,,,,,,,,,,,,,,,,0.0,0.0,,0.0,0.0,0.0,0
诉讼费,,,,,0.0,,0.0,,0.0,,0.0,,,,,,,,,,,,,,,0.0,0.0,,0.0,0.0,0.0,0
会员费,,,,,0.0,,0.0,,0.0,,0.0,,,,,,,,,,,,,,,0.0,0.0,,0.0,0.0,0.0,0
广告宣传费,,,,,0.0,,0.0,,0.0,,0.0,,,,,,,,,,,,,,,0.0,0.0,,0.0,0.0,0.0,0
会务费,,,,,0.0,,0.0,,0.0,,0.0,,,,,,,,,,,,,,,0.0,0.0,,0.0,0.0,0.0,0
装修费,,,,,0.0,,0.0,,0.0,,0.0,,,,,,,,,,,,,,,0.0,0.0,,0.0,0.0,0.0,0
推广费,,,,,0.0,,0.0,,0.0,,0.0,,,,,,,,,,,,,,,0.0,0.0,,0.0,0.0,0.0,0
展会费,,,,,0.0,,0.0,,0.0,,0.0,,,,,,,,,,,,,,,0.0,0.0,,0.0,0.0,0.0,0
设计费,,,,,0.0,,0.0,,0.0,,0.0,,,,,,,,,,,,,,,0.0,0.0,,0.0,0.0,0.0,0
运费,,,,,0.0,,0.0,,0.0,,0.0,,,,,,,,,,,,,,,0.0,0.0,,0.0,0.0,0.0,0
折旧费,,,,,0.0,,0.0,,0.0,,0.0,,,,,,,,,,,,,,,0.0,0.0,,0.0,0.0,0.0,0
认证费,,,,,0.0,,0.0,,0.0,,0.0,,,,,,,,,,,,,,,0.0,0.0,,0.0,0.0,0.0,0
样品费,,,,,0.0,,0.0,,0.0,,0.0,,,,,,,,,,,,,,,0.0,0.0,,0.0,0.0,0.0,0
劳务费,,,,,0.0,,0.0,,0.0,,0.0,,,,,,,,,,,,,,,0.0,0.0,,0.0,0.0,0.0,0
销售佣金,,,,,0.0,,0.0,,0.0,,0.0,,,,,,,,,,,,,,,0.0,0.0,,0.0,0.0,0.0,0
检测费,,,,,0.0,,0.0,,0.0,,0.0,,,,,,,,,,,,,,,0.0,0.0,,0.0,0.0,0.0,0
质量赔偿,,,,,0.0,,0.0,,0.0,,0.0,,,,,,,,,,,,,,,0.0,0.0,,0.0,0.0,0.0,0
保险费,,,,,0.0,,0.0,,0.0,,0.0,,,,,,,,,,,,,,,0.0,0.0,,0.0,0.0,0.0,0
清洁费,,,,,0.0,,0.0,,0.0,,0.0,,,,,,,,,,,,,,,0.0,0.0,,0.0,0.0,0.0,0
低值易耗品,,,,,0.0,,0.0,,0.0,,0.0,,,,,,,,,,,,,,,0.0,0.0,,0.0,0.0,0.0,0
物料消耗,,,,,0.0,,0.0,,0.0,,0.0,,,,,,,,,,,,,,,0.0,0.0,,0.0,0.0,0.0,0
盘盈盘亏,,,,,0.0,,0.0,,0.0,,0.0,,,,,,,,,,,,,,,0.0,0.0,,0.0,0.0,0.0,0
平台服务费,,,,,0.0,,0.0,,0.0,,0.0,,,,,,,,,,,,,,,0.0,0.0,,0.0,0.0,0.0,0
无形资产摊销,,,,,0.0,,0.0,,0.0,,0.0,,,,,,,,,,,,,,,0.0,0.0,,0.0,0.0,0.0,0
研发材料,,,,,0.0,,0.0,,0.0,,0.0,,,,,,,,,,,,,,,0.0,0.0,,0.0,0.0,0.0,0
项目名称,,,,,0.0,,0.0,,0.0,,0.0,,,,,,,,,,,,,,,0.0,0.0,,0.0,0.0,0.0,0
研发费,,,,,0.0,,0.0,,0.0,,0.0,,,,,,,,,,,,,,,0.0,0.0,,0.0,0.0,0.0,0
残保金,,,,,0.0,,0.0,,0.0,,0.0,,,,,,,,,,,,,,,0.0,0.0,,0.0,0.0,0.0,0
环保费,,,,,0.0,,0.0,,0.0,,0.0,,,,,,,,,,,,,,,0.0,0.0,,0.0,0.0,0.0,0
报废损失,,,,,0.0,,0.0,,0.0,,0.0,,,,,,,,,,,,,,,0.0,0.0,,0.0,0.0,0.0,0
研发费用,8,,,,0.0,,0.0,,0.0,,0.0,,0.0,,0.0,,0.0,,0.0,,0.0,,0.0,,0.0,0.0,0.0,,0.0,0.0,0.0,0
职工薪酬,,,,,0.0,,0.0,,0.0,,0.0,,0.0,,0.0,,0.0,,0.0,,0.0,,0.0,,0.0,0.0,0.0,,0.0,0.0,0.0,0
工资,,,,,0.0,,0.0,,,,,,,,,,,,,,,,,,,0.0,0.0,,0.0,0.0,0.0,0
奖金及提成,,,,,0.0,,0.0,,,,,,,,,,,,,,,,,,,0.0,0.0,,0.0,0.0,0.0,0
社保,,,,,0.0,,0.0,,0.0,,0.0,,0.0,,0.0,,0.0,,0.0,,0.0,,0.0,,0.0,0.0,0.0,,0.0,0.0,0.0,0
养老,,,,,0.0,,0.0,,,,,,,,,,,,,,,,,,,0.0,0.0,,0.0,0.0,0.0,0
医疗,,,,,0.0,,0.0,,,,,,,,,,,,,,,,,,,0.0,0.0,,0.0,0.0,0.0,0
工伤,,,,,0.0,,0.0,,,,,,,,,,,,,,,,,,,0.0,0.0,,0.0,0.0,0.0,0
失业,,,,,0.0,,0.0,,,,,,,,,,,,,,,,,,,0.0,0.0,,0.0,0.0,0.0,0
生育,,,,,0.0,,0.0,,,,,,,,,,,,,,,,,,,0.0,0.0,,0.0,0.0,0.0,0
公积金,,,,,0.0,,0.0,,,,,,,,,,,,,,,,,,,0.0,0.0,,0.0,0.0,0.0,0
工会经费,,,,,0.0,,0.0,,,,,,,,,,,,,,,,,,,0.0,0.0,,0.0,0.0,0.0,0
职工教育经费,,,,,0.0,,0.0,,,,,,,,,,,,,,,,,,,0.0,0.0,,0.0,0.0,0.0,0
福利费,,,,,0.0,,0.0,,0.0,,0.0,,0.0,,0.0,,0.0,,0.0,,0.0,,0.0,,0.0,0.0,0.0,,0.0,0.0,0.0,0
职工房租,,,,,0.0,,0.0,,,,,,,,,,,,,,,,,,,0.0,0.0,,0.0,0.0,0.0,0
水电物业费,,,,,0.0,,0.0,,,,,,,,,,,,,,,,,,,0.0,0.0,,0.0,0.0,0.0,0
员工餐,,,,,0.0,,0.0,,,,,,,,,,,,,,,,,,,0.0,0.0,,0.0,0.0,0.0,0
节日礼品,,,,,0.0,,0.0,,,,,,,,,,,,,,,,,,,0.0,0.0,,0.0,0.0,0.0,0
生日礼品,,,,,0.0,,0.0,,,,,,,,,,,,,,,,,,,0.0,0.0,,0.0,0.0,0.0,0
体检,,,,,0.0,,0.0,,,,,,,,,,,,,,,,,,,0.0,0.0,,0.0,0.0,0.0,0
其他福利支出,,,,,0.0,,0.0,,,,,,,,,,,,,,,,,,,0.0,0.0,,0.0,0.0,0.0,0
招聘费,,,,,0.0,,0.0,,,,,,,,,,,,,,,,,,,0.0,0.0,,0.0,0.0,0.0,0
办公费,,,,,0.0,,0.0,,,,,,,,,,,,,,,,,,,0.0,0.0,,0.0,0.0,0.0,0
市内交通费,,,,,0.0,,0.0,,,,,,,,,,,,,,,,,,,0.0,0.0,,0.0,0.0,0.0,0
差旅费,,,,,0.0,,0.0,,0.0,,0.0,,0.0,,0.0,,0.0,,0.0,,0.0,,0.0,,0.0,0.0,0.0,,0.0,0.0,0.0,0
交通费,,,,,0.0,,0.0,,,,,,,,,,,,,,,,,,,0.0,0.0,,0.0,0.0,0.0,0
住宿费,,,,,0.0,,0.0,,,,,,,,,,,,,,,,,,,0.0,0.0,,0.0,0.0,0.0,0
餐补,,,,,0.0,,0.0,,,,,,,,,,,,,,,,,,,0.0,0.0,,0.0,0.0,0.0,0
交通补助,,,,,0.0,,0.0,,,,,,,,,,,,,,,,,,,0.0,0.0,,0.0,0.0,0.0,0
通讯补助,,,,,0.0,,0.0,,,,,,,,,,,,,,,,,,,0.0,0.0,,0.0,0.0,0.0,0
招待费,,,,,0.0,,0.0,,,,,,,,,,,,,,,,,,,0.0,0.0,,0.0,0.0,0.0,0
通讯费,,,,,0.0,,0.0,,,,,,,,,,,,,,,,,,,0.0,0.0,,0.0,0.0,0.0,0
网络费,,,,,0.0,,0.0,,,,,,,,,,,,,,,,,,,0.0,0.0,,0.0,0.0,0.0,0
修理费,,,,,0.0,,0.0,,,,,,,,,,,,,,,,,,,0.0,0.0,,0.0,0.0,0.0,0
车辆费,,,,,0.0,,0.0,,,,,,,,,,,,,,,,,,,0.0,0.0,,0.0,0.0,0.0,0
租赁费,,,,,0.0,,0.0,,,,,,,,,,,,,,,,,,,0.0,0.0,,0.0,0.0,0.0,0
能源费,,,,,0.0,,0.0,,0.0,,0.0,,0.0,,0.0,,0.0,,0.0,,0.0,,0.0,,0.0,0.0,0.0,,0.0,0.0,0.0,0
水费,,,,,0.0,,0.0,,,,,,,,,,,,,,,,,,,0.0,0.0,,0.0,0.0,0.0,0
电费,,,,,0.0,,0.0,,,,,,,,,,,,,,,,,,,0.0,0.0,,0.0,0.0,0.0,0
燃气费,,,,,0.0,,0.0,,,,,,,,,,,,,,,,,,,0.0,0.0,,0.0,0.0,0.0,0
蒸汽费,,,,,0.0,,0.0,,,,,,,,,,,,,,,,,,,0.0,0.0,,0.0,0.0,0.0,0
物业费,,,,,0.0,,0.0,,,,,,,,,,,,,,,,,,,0.0,0.0,,0.0,0.0,0.0,0
劳动保护费,,,,,0.0,,0.0,,,,,,,,,,,,,,,,,,,0.0,0.0,,0.0,0.0,0.0,0
顾问费,,,,,0.0,,0.0,,,,,,,,,,,,,,,,,,,0.0,0.0,,0.0,0.0,0.0,0
快递费,,,,,0.0,,0.0,,,,,,,,,,,,,,,,,,,0.0,0.0,,0.0,0.0,0.0,0
诉讼费,,,,,0.0,,0.0,,,,,,,,,,,,,,,,,,,0.0,0.0,,0.0,0.0,0.0,0
会员费,,,,,0.0,,0.0,,,,,,,,,,,,,,,,,,,0.0,0.0,,0.0,0.0,0.0,0
广告宣传费,,,,,0.0,,0.0,,,,,,,,,,,,,,,,,,,0.0,0.0,,0.0,0.0,0.0,0
会务费,,,,,0.0,,0.0,,,,,,,,,,,,,,,,,,,0.0,0.0,,0.0,0.0,0.0,0
装修费,,,,,0.0,,0.0,,,,,,,,,,,,,,,,,,,0.0,0.0,,0.0,0.0,0.0,0
推广费,,,,,0.0,,0.0,,,,,,,,,,,,,,,,,,,0.0,0.0,,0.0,0.0,0.0,0
展会费,,,,,0.0,,0.0,,,,,,,,,,,,,,,,,,,0.0,0.0,,0.0,0.0,0.0,0
设计费,,,,,0.0,,0.0,,,,,,,,,,,,,,,,,,,0.0,0.0,,0.0,0.0,0.0,0
运费,,,,,0.0,,0.0,,,,,,,,,,,,,,,,,,,0.0,0.0,,0.0,0.0,0.0,0
折旧费,,,,,0.0,,0.0,,,,,,,,,,,,,,,,,,,0.0,0.0,,0.0,0.0,0.0,0
认证费,,,,,0.0,,0.0,,,,,,,,,,,,,,,,,,,0.0,0.0,,0.0,0.0,0.0,0
样品费,,,,,0.0,,0.0,,,,,,,,,,,,,,,,,,,0.0,0.0,,0.0,0.0,0.0,0
劳务费,,,,,0.0,,0.0,,,,,,,,,,,,,,,,,,,0.0,0.0,,0.0,0.0,0.0,0
销售佣金,,,,,0.0,,0.0,,,,,,,,,,,,,,,,,,,0.0,0.0,,0.0,0.0,0.0,0
检测费,,,,,0.0,,0.0,,,,,,,,,,,,,,,,,,,0.0,0.0,,0.0,0.0,0.0,0
质量赔偿,,,,,0.0,,0.0,,,,,,,,,,,,,,,,,,,0.0,0.0,,0.0,0.0,0.0,0
保险费,,,,,0.0,,0.0,,,,,,,,,,,,,,,,,,,0.0,0.0,,0.0,0.0,0.0,0
清洁费,,,,,0.0,,0.0,,,,,,,,,,,,,,,,,,,0.0,0.0,,0.0,0.0,0.0,0
低值易耗品,,,,,0.0,,0.0,,,,,,,,,,,,,,,,,,,0.0,0.0,,0.0,0.0,0.0,0
物料消耗,,,,,0.0,,0.0,,,,,,,,,,,,,,,,,,,0.0,0.0,,0.0,0.0,0.0,0
盘盈盘亏,,,,,0.0,,0.0,,,,,,,,,,,,,,,,,,,0.0,0.0,,0.0,0.0,0.0,0
平台服务费,,,,,0.0,,0.0,,,,,,,,,,,,,,,,,,,0.0,0.0,,0.0,0.0,0.0,0
无形资产摊销,,,,,0.0,,0.0,,,,,,,,,,,,,,,,,,,0.0,0.0,,0.0,0.0,0.0,0
研发材料,,,,,0.0,,0.0,,,,,,,,,,,,,,,,,,,0.0,0.0,,0.0,0.0,0.0,0
项目名称,,,,,0.0,,0.0,,,,,,,,,,,,,,,,,,,0.0,0.0,,0.0,0.0,0.0,0
研发费,,,,,0.0,,0.0,,,,,,,,,,,,,,,,,,,0.0,0.0,,0.0,0.0,0.0,0
残保金,,,,,0.0,,0.0,,,,,,,,,,,,,,,,,,,0.0,0.0,,0.0,0.0,0.0,0
环保费,,,,,0.0,,0.0,,,,,,,,,,,,,,,,,,,0.0,0.0,,0.0,0.0,0.0,0
报废损失,,,,,0.0,,0.0,,,,,,,,,,,,,,,,,,,0.0,0.0,,0.0,0.0,0.0,0
财务费用,9,,,,,,,,,,,,,,,,,,,,,,,,,0.0,0.0,,0.0,0.0,0.0,0
资产减值损失,10,,,,,,,,,,,,,,,,,,,,,,,,,0.0,0.0,,0.0,0.0,0.0,0
信用减值损失,11,,,,,,,,,,,,,,,,,,,,,,,,,0.0,0.0,,0.0,0.0,0.0,0
加：公允价值变动收益（损失以“-”号填列）,12,,,,,,,,,,,,,,,,,,,,,,,,,0.0,0.0,,0.0,0.0,0.0,0
投资收益（损失以“-”号填列）,13,,,,,,,,,,,,,,,,,,,,,,,,,0.0,0.0,,0.0,0.0,0.0,0
其中：对联营企业和合营企业的投资收益,14,,,,,,,,,,,,,,,,,,,,,,,,,0.0,0.0,,0.0,0.0,0.0,0
资产处置收益（损失以“-”号填列）,15,,,,,,,,,,,,,,,,,,,,,,,,,0.0,0.0,,0.0,0.0,0.0,0
其他收益,16,,,,,,,,,,,,,,,,,,,,,,,,,0.0,0.0,,0.0,0.0,0.0,0
二、营业利润（亏损以“-”号填列）,17,-26855.93999999997,78904.82260000013,-3758.2152000000424,21641.935199999956,13598.667200000025,-16540.986800000028,70581.73100000019,33541.91919999999,34752.76020000009,35701.44060000007,61907.76899999994,60442.384999999864,40793.90660000003,30925.378400000034,50679.51080000005,58456.36320000004,118576.07160000036,65285.260800000055,41909.40900000004,51955.66160000004,81249.36639999996,60707.85020000008,173781.02599999995,114138.03400000015,657216.0626000009,595160.0640000004,,657216.0626000006,595160.0640000004,0.0,0
加：营业外收入,18,,,,,,,,,,,,,,,,,,,,,,,,,0.0,0.0,,0.0,0.0,0.0,0
减：营业外支出,19,,,,,,,,,,,,,,,,,,,,,,,,,0.0,0.0,,0.0,0.0,0.0,0
三、利润总额（亏损总额以“-”号填列）,20,-26855.93999999997,78904.82260000013,-3758.2152000000424,21641.935199999956,13598.667200000025,-16540.986800000028,70581.73100000019,33541.91919999999,34752.76020000009,35701.44060000007,61907.76899999994,60442.384999999864,40793.90660000003,30925.378400000034,50679.51080000005,58456.36320000004,118576.07160000036,65285.260800000055,41909.40900000004,51955.66160000004,81249.36639999996,60707.85020000008,173781.02599999995,114138.03400000015,657216.0626000009,595160.0640000004,,657216.0626000006,595160.0640000004,0.0,0
减：所得税费用,21,,,,,,,,,,,,,,,,,,,,,,,,,0.0,0.0,,0.0,0.0,0.0,#REF!
四、净利润（净亏损以“-”号填列）,22,-26855.93999999997,78904.82260000013,-3758.2152000000424,21641.935199999956,13598.667200000025,-16540.986800000028,70581.73100000019,33541.91919999999,34752.76020000009,35701.44060000007,61907.76899999994,60442.384999999864,40793.90660000003,30925.378400000034,50679.51080000005,58456.36320000004,118576.07160000036,65285.260800000055,41909.40900000004,51955.66160000004,81249.36639999996,60707.85020000008,173781.02599999995,114138.03400000015,657216.0626000009,595160.0640000004,,657216.0626000006,595160.0640000004,0.0,0
五、分红,23,,,,,,,,,,,,,,,,,,,,,,,,,0.0,0.0,,0.0,0.0,,
六、分红后净利润（净亏损以“-”号填列）,24,-26855.93999999997,78904.82260000013,-3758.2152000000424,21641.935199999956,13598.667200000025,-16540.986800000028,70581.73100000019,33541.91919999999,34752.76020000009,35701.44060000007,61907.76899999994,60442.384999999864,40793.90660000003,30925.378400000034,50679.51080000005,58456.36320000004,118576.07160000036,65285.260800000055,41909.40900000004,51955.66160000004,81249.36639999996,60707.85020000008,173781.02599999995,114138.03400000015,657216.0626000006,595160.0640000004,,483435.0366000007,595160.0640000004,,
净利率,,-0.06600610277627353,0.10392222052153184,-0.006590198092325883,0.04946928962265921,0.016194256763193925,-0.03644290940380677,0.0636416222737115,0.05156499861860444,0.038549615104622875,0.09168651877059968,0.05906599077701544,0.1033781475654972,0.04198154088188568,0.10079841682066955,0.049545193899207196,0.10929264506066363,0.08261150890572606,0.11318417011594685,0.041856001161078515,0.1212339821462894,0.06974786828893544,0.13502371907838567,0.09933549416767244,0.18332545502150466,0.053777170001507855,0.09608019681421079,,0.053777170001507855,0.09608019681421089,0.0,0
销售达成率,,,1.8661169744009003,,0.7671446184030861,,0.5405215942998249,,0.5865186610549441,,0.43192764358252805,,0.5578342644934331,,0.31573620811530545,,0.5228895642120857,,0.40185830581144955,,0.4280107793256882,,0.38596306242555006,,0.3558850263550178,,0.5068619295152103,,,0.5068619295152103,,0
净利达成率,,,4.938077110687625,,7.75856731141945,,3.216368233498647,,0.4752209775076202,,0.9727020128893251,,0.9763295621265228,,1.241911820232485,,1.1534516075084131,,0.5505770255252734,,1.23971353544976,,0.7471793675427371,,0.656792266838154,,1.0944225227157443,,,0.9056,,
编制说明：,"1、营业收入的取数来源为2025年1-12月销售明细表中的金额-2025年1-12月客户计提返利的金额；
2、营业成本的取数来源为2025年1-12月销售明细表中销售结算成本+运费核对表中的运费+销售的原材料的成本；
3、税金及附加核算的是城建税、教育费附加、印花税，城建和教育费附加为当月收入的0.85%，印花税为收入的0.03%；
4、销售费用为分部人员的费用及后台职能协助挂到分部的费用（如有）；
5、所得税与所得税分摊表中数据一致。",,,,,,,,,,,,,,,,,,,,,,,,,,,,,,,
